key,title,期間増加PV,期間増加スキ,稼働日数,推移PV,集計日
nb1e2265ad790,【Windows11】メモ帳の使い方｜初心者が今すぐ使える基本から便利技まで【新年度応援キャンペーン 第2弾】3回目,305,1,6,58→64→24→18→45→40→56,2026-05-21
n58f139d7c0db,【初心者向け】Microsoft Listsとは？SharePointとの違いを最短で理解する,183,0,6,28→35→2→6→33→47→32,2026-05-21
n6f8af975fd10,GPT-Image-2がMicrosoft 365に登場！でもPowerPointのみ？｜画像生成とハマりポイント解説,179,0,6,55→36→11→7→20→17→33,2026-05-21
n83185b47dcae,「毎朝の予定通知、Copilotに任せてみた」〜スケジュール機能の使い方〜,149,0,6,27→37→6→7→20→26→26,2026-05-21
n1ab49e4662c1,【Windows11】スニッピングツールの使い方｜初心者が今すぐ使える基本から便利技まで【新年度応援キャンペーン 第2弾】2回目,125,0,6,25→19→9→11→17→20→24,2026-05-21
n573aa06058a6,【初心者向け】OneNote×Copilotで仕事効率爆上がり！情報整理が“あとから強くなる”理由とは？,112,0,6,25→18→5→5→16→22→21,2026-05-21
n8b0bd9cf1fc9,【Windows11】Edge（エッジ）の使い方｜初心者が今すぐ使える基本から便利技まで【新年度応援キャンペーン 第2弾】5回目,110,0,6,24→21→13→9→17→14→12,2026-05-21
n1adb50dd9262,【Windows11】ペイントの使い方｜初心者が今すぐ使える基本から便利技まで【新年度応援キャンペーン 第2弾】4回目,78,0,6,12→8→7→10→18→14→9,2026-05-21
nd4b452ac0cf6,【画像生成AI入門】#17「バストアップ」キャラの魅力がグッと映える！,36,0,6,2→1→3→8→9→6→7,2026-05-21
n4b02c38fdc62,やはりExcelやWordでのCopilotは使えなくなるのか？続報が無いまま、審判の日へ【AI活用｜生成AI｜Copilot｜業務効率化｜仕事術】,34,2,6,11→4→3→2→7→3→4,2026-05-21
nbbfe0a3ce599,Copilot Coworkがスマホでも使えるようになってた話🐟,31,1,6,7→5→7→2→5→1→4,2026-05-21
ncee34da719fc,【AI シオンの画像生成入門】#103 「夜の路地」初心者でも簡単！奥行きと光で魅せる背景プロンプト🎨 ｜毎日投稿 毎日note 画像比較・解説 Copilot GPTImage1.5 / Gemini NanoBananaPro プロンプト付き,26,0,6,1→7→3→5→6→2→2,2026-05-21
na36a7021f7fd,【M365激震】Copilot無償版がOfficeアプリで制限？今のうちに企業がやるべき「効果測定」とは,19,0,6,4→2→3→1→5→2→2,2026-05-21
n012f9927f3b7,【画像生成AI入門】#20 「オーバーショルダー」背中越しの視点が生む没入感とは？,18,0,6,2→4→2→1→4→1→4,2026-05-21
n6b033d57888c,【画像生成AI入門】#16「シンメトリー構図」なぜ“左右対称”の構図は美しく見えるのか？,18,0,6,2→6→1→2→1→2→4,2026-05-21
n320a6c4faa4a,半年放置していたシオンさんの設定を、AI2台でやっと固めた話🍣｜Copilot Cowork × ChatGPT Images 2.0でキャラクターシートを作り直してみた,16,1,6,2→2→3→1→1→2→5,2026-05-21
n9263bd7325cf,AIシオンの画像生成入門で採用漏れになったイラストたち,46,3,5,28→9→4→2→0→1→2,2026-05-21
n47dc9f8a463f,通信が切れても作業は止まらない。スマホ版Copilot Coworkの思わぬメリット📱✨,43,2,5,22→9→3→2→0→4→3,2026-05-21
n4de9e18d3ff3,SharePointのハイパーリンク列に「表示名」を付ける3つの方法【Power Automate対応】,39,0,5,11→7→2→0→7→5→7,2026-05-21
nd8ad9457f9ea,【Windows11】Windows標準のショートカットキー｜初心者が今すぐ使える基本から便利技まで【新年度応援キャンペーン 第2弾】6回目,36,0,5,14→6→3→5→2→6→0,2026-05-21
nb01cd396321c,【自動化】「簡単」なのに「難しい」？Power Automateで陥る落とし穴とは,26,0,5,5→5→1→0→5→6→4,2026-05-21
n07331599d467,【審判の日の答え】 やはりExcelやWordでのCopilotは使えなくなるのか？【AI活用｜生成AI｜Copilot｜業務効率化｜仕事術】,24,2,5,5→4→3→0→3→2→7,2026-05-21
n099c451d32c5,【画像生成AI入門】#64 「ミリタリー」キャラが強く見える定番ワードまとめ,14,0,5,0→4→0→1→5→1→3,2026-05-21
n140a86afc1fd,何気なく右クリックしたら便利すぎた❗Edgeの「Copilotで要約」が想像以上でした | MicrosoftEdge | Copilot | 生成AI | ブラウザ活用 | 情報収集 | 要約機能,12,0,5,3→2→1→0→1→1→4,2026-05-21
n4745380d8345,Copilot Coworkに自分のnoteを分析させたら、痛いところを突かれまくった話,12,2,5,2→2→2→0→1→2→3,2026-05-21
nf522191c6877,PowerAutomateの調べものに強い生成AIは？初心者向けに徹底比較！🧠🔍,9,0,5,2→2→2→1→1→0→1,2026-05-21
ne29cd3ede4a2,【AI シオンの画像生成入門】#88 「パステル」柔らかい色使いで癒やし系イラストを生成しよう🎨,8,0,5,0→1→0→1→1→1→4,2026-05-21
nec73a7f12645,【AIシオンの画像生成入門】#132 「夕焼け」 時間帯指定との違いを知って表現力アップ（Microsoft365 Copilot の画像生成AIを利用したAIイラストプロンプト解説）,8,0,5,1→2→0→1→1→2→1,2026-05-21
nf91d521d54bc,【画像生成AI入門】#27 「セピア」で一気にノスタルジックに！色調ひとつで変わる世界,8,0,5,0→2→1→0→2→1→2,2026-05-21
n79cae69d45cd,【ご報告】資格試験 PL-900 受験 ＆ 合格してきました,7,0,5,2→1→1→1→1→1→0,2026-05-21
na13750603d74,生成AIは「デジタルさしみ」を理解できるのか？ 主要 画像生成AI 徹底比較 （2026/5 版）【5つの生成AIで比較！ | ChatGPT | Copilot | Gemini | Grok | Stable Diffusion 】,7,1,5,1→1→2→1→1→1→0,2026-05-21
n126a0845bdbb,Windows 11標準でGIF作れた！Snipping Tool録画→GIF化のやり方,27,0,4,7→7→0→0→6→5→2,2026-05-21
n8a66cc81a45b,【AIシオンの画像生成入門】#142「カラフル」画面がパッと華やかに！ Copilot GPTImage1.5 / Gemini NanoBananaPro 画像比較・解説,25,1,4,16→6→0→1→0→1→1,2026-05-21
nf1cb02244f67,「AIがPCを持つ」時代へ—Project Opalの魅力を語る🎉,18,0,4,4→5→0→0→2→3→4,2026-05-21
nfcdb32c157bd,【M365管理者向け】 Teams外部チャットを安全に止める方法⚠️便利さの裏に潜むリスク,11,0,4,4→1→0→0→1→3→2,2026-05-21
n4a8b6b68bd37,GWの締めくくりに、ファッション雑誌風AI画像とnote整理の話,10,1,4,5→0→0→1→1→1→2,2026-05-21
n0dd5336a2dd6,【デジさしみSharePoint 攻略】最初に知りたい「4つの役割」✅ | Microsoft365 初心者が最初に知るべき全体像,8,0,4,0→1→0→1→0→4→2,2026-05-21
nd5a6b2757379,風邪ひきました。ダウン中。,8,1,4,4→1→0→1→1→1→0,2026-05-21
nf3ef0dbb4d73,体調戻りました💪 ＆ 噂のSubstack始めてみました,8,2,4,4→1→1→1→0→1→0,2026-05-21
n7ec8e6eb27d7,【画像生成AI入門】#37「グリッチ効果」AIが作る壊れた世界の魅力とは？,7,0,4,1→2→0→2→0→1→1,2026-05-21
n331b65e896c6,OneNoteは「下書き置き場」と割り切ると最強 📝,6,0,4,0→0→2→1→2→0→1,2026-05-21
n5de47a30231f,【画像生成AI入門】#80「魔法陣」背景が寂しい…を救ってくれた魔法の一語,6,0,4,0→2→1→0→1→0→2,2026-05-21
na86d65fdfc5e,【画像生成AI入門】#34 「色収差わずかに」がもたらす、淡くリアルな世界の作り方,6,0,4,0→1→0→2→0→1→2,2026-05-21
n594a34c85149,【AIシオンの画像生成入門】#130 「反射構図」 上下対称のシンメトリーで一気に幻想的な雰囲気に！（Microsoft365 Copilot の画像生成AIを利用したAIイラストプロンプト解説）,5,0,4,0→1→0→1→1→2→0,2026-05-21
n9d35b0d5051a,【画像生成AI入門】#39 「シャープ仕上げ」の効果とは？質感・光・存在感を操るテクニック,5,0,4,0→0→0→1→1→1→2,2026-05-21
nf9a4d90da5aa,【デジさしみSharePoint攻略】Teamsで保存したファイルはどこ❓｜SharePointサイトが増える理由と保存先の仕組み✅ IT初心者向けMicrosoft365業務効率化,5,0,4,0→1→0→1→1→2→0,2026-05-21
nb99fc8724fba,【画像生成AI入門】#70 「ジーンズ」ラフで親しみやすい人物を作るコツ,4,0,4,0→1→0→1→1→1→0,2026-05-21
nbc44911ab0ea,【画像生成AI入門】#25 「パステルカラー」で世界が変わる！ふんわり幻想的な雰囲気の作り方,4,0,4,0→1→0→0→1→1→1,2026-05-21
n8e7f55b4d332,【画像生成AI入門】#78「ネオン看板」夜の街を一瞬でエモく変える光のマジック,12,0,3,5→3→0→0→0→3→1,2026-05-21
n799d8680584b,【画像生成AI入門】#74 「リュック」 背中に足すだけで印象アップ,11,0,3,1→0→3→4→3→0→0,2026-05-21
n4982f548a357,「デジさしみ」のお品書き,10,6,3,1→0→4→2→0→0→3,2026-05-21
n67b4282bd363,【体験談あり】Power Automate × SharePoint Listsのログ管理 －その１－,10,0,3,2→3→0→0→2→3→0,2026-05-21
ncb03766f1808,【画像生成AI入門】#11「広角・ローアングル」ってどんな世界？視点を変えるだけで劇的変化！,7,0,3,0→1→0→0→3→3→0,2026-05-21
n6f4733e55fbe,【画像生成AI入門】#19 「クローズアップ」って何？感情を伝える画像を作ろう,6,0,3,3→1→0→0→1→0→1,2026-05-21
n7a3eec5a2fa0,【2025年8月版】3大AI「ディープリサーチ」徹底比較：あなたに最適なのはどれ？,6,0,3,1→0→0→1→1→0→3,2026-05-21
n32ca1492a511,【AIシオンの画像生成入門】#136 「サイドライト」でイラストに立体感とドラマを！💡（Microsoft365 Copilot の画像生成AIを利用したAIイラストプロンプト解説）,5,0,3,1→0→0→1→0→1→2,2026-05-21
nb27403fdcbdc,Copilot Pages × Chatで変わる！業務を加速する最新アップデートとは,5,0,3,2→0→0→1→0→1→1,2026-05-21
nc4c8b3bec3e7,【AIシオンの画像生成入門】#141「虹色」髪も街も鮮やかに発光！ Copilot GPTImage1.5 / Gemini NanoBananaPro 画像比較・解説,5,0,3,1→2→0→0→0→1→1,2026-05-21
n3681db31bfbc,Teams使ってなくても招待が届く？アップデートの影響と注意点,4,0,3,1→1→0→1→0→1→0,2026-05-21
n513573c02a0f,Nanobanana2 が実装されたらしいので、画像生成して遊んでみた,4,0,3,0→1→0→2→1→0→0,2026-05-21
n82e0022deabe,Excel Agent Mode解禁！今すぐ作業を丸投げしよう【デジさしみの業務効率化】,4,0,3,0→0→1→0→0→1→2,2026-05-21
n8d589befdee2,【自己紹介】40代 会社員 M365 × 画像生成 の組み合わせで投稿？,4,2,3,0→0→1→2→0→0→1,2026-05-21
nd8629c72167b,【画像生成AI入門】#77「 提灯 」和風プロンプトの決定版！温かな光を添える方法,4,0,3,0→1→1→0→0→2→0,2026-05-21
n4073c9414fbf,【AI シオンの画像生成入門】#96 「レンズフレア」写真っぽさとリアリティが激変する光表現テクニック🎨,3,0,3,0→0→1→0→1→1→0,2026-05-21
n8a5af9431277,【画像生成AI入門】#62 近未来スーツとは？画像生成AIで“未来感の質”を高める方法,3,0,3,0→1→0→1→0→0→1,2026-05-21
