rank,key,title,期間増加PV,1日平均PV,期間開始PV,期間終了PV,分析期間(日),集計日
1,nb1e2265ad790,【Windows11】メモ帳の使い方｜初心者が今すぐ使える基本から便利技まで【新年度応援キャンペーン 第2弾】3回目,1078,35.93,797,1875,30,2026-05-27
2,n6f8af975fd10,GPT-Image-2がMicrosoft 365に登場！でもPowerPointのみ？｜画像生成とハマりポイント解説,761,25.37,0,761,30,2026-05-27
3,n58f139d7c0db,【初心者向け】Microsoft Listsとは？SharePointとの違いを最短で理解する,741,24.7,4838,5579,30,2026-05-27
4,nd8ad9457f9ea,【Windows11】Windows標準のショートカットキー｜初心者が今すぐ使える基本から便利技まで【新年度応援キャンペーン 第2弾】6回目,632,21.07,0,632,30,2026-05-27
5,n1ab49e4662c1,【Windows11】スニッピングツールの使い方｜初心者が今すぐ使える基本から便利技まで【新年度応援キャンペーン 第2弾】2回目,541,18.03,1551,2092,30,2026-05-27
6,n83185b47dcae,「毎朝の予定通知、Copilotに任せてみた」〜スケジュール機能の使い方〜,520,17.33,2781,3301,30,2026-05-27
7,n573aa06058a6,【初心者向け】OneNote×Copilotで仕事効率爆上がり！情報整理が“あとから強くなる”理由とは？,448,14.93,2447,2895,30,2026-05-27
8,n8b0bd9cf1fc9,【Windows11】Edge（エッジ）の使い方｜初心者が今すぐ使える基本から便利技まで【新年度応援キャンペーン 第2弾】5回目,377,12.57,128,505,30,2026-05-27
9,nbbfe0a3ce599,Copilot Coworkがスマホでも使えるようになってた話🐟,362,12.07,0,362,30,2026-05-27
10,na13750603d74,生成AIは「デジタルさしみ」を理解できるのか？ 主要 画像生成AI 徹底比較 （2026/5 版）【5つの生成AIで比較！ | ChatGPT | Copilot | Gemini | Grok | Stable Diffusion 】,349,11.63,0,349,30,2026-05-27
11,n2d058c6e6edf,キラキラ笑顔の作り方｜ミナトさんお誕生日企画🎉,315,10.5,0,315,30,2026-05-27
12,n1adb50dd9262,【Windows11】ペイントの使い方｜初心者が今すぐ使える基本から便利技まで【新年度応援キャンペーン 第2弾】4回目,309,10.3,297,606,30,2026-05-27
13,nb20539dec18e,【AIシオンの画像生成入門】#139「ドラマティック照明」で平凡な夜の風景を劇的なワンシーンに変える魔法！,307,10.23,0,307,30,2026-05-27
14,ned1f75a5b736,【AIシオンの画像生成入門】#138「リムライト」の魔法✨輪郭が光るエモい演出！（Microsoft365 Copilot の画像生成AIを利用したAIイラストプロンプト解説）,298,9.93,0,298,30,2026-05-27
15,n4a8b6b68bd37,GWの締めくくりに、ファッション雑誌風AI画像とnote整理の話,289,9.63,0,289,30,2026-05-27
16,n4745380d8345,Copilot Coworkに自分のnoteを分析させたら、痛いところを突かれまくった話,282,9.4,0,282,30,2026-05-27
17,na31ed615832e,【作成中】Copilot Cowork が楽しすぎて、noteアクセス分析ツールを作っています,252,8.4,0,252,30,2026-05-27
18,n88ffb7a10f30,【回答編】15の質問に答えたら書きたい記事がたくさん生えてきた話,245,8.17,0,245,30,2026-05-27
19,nd4b452ac0cf6,【画像生成AI入門】#17「バストアップ」キャラの魅力がグッと映える！,240,8.0,471,711,30,2026-05-27
20,n930671f330f0,PowerPointで美麗画像を！GPT-Image-2 を使った画像生成を試してみる｜Microsoft 365 Copilot,236,7.87,0,236,30,2026-05-27
21,nc4c8b3bec3e7,【AIシオンの画像生成入門】#141「虹色」髪も街も鮮やかに発光！ Copilot GPTImage1.5 / Gemini NanoBananaPro 画像比較・解説,230,7.67,0,230,30,2026-05-27
22,n674a6d6e700d,キーワード「KAWAII」ってどこまで効果あるのだろう？,230,7.67,0,230,30,2026-05-27
23,n9d371d7b4a4e,今日は洞窟編｜PowerPointでAIイラスト,228,7.6,0,228,30,2026-05-27
24,nf3ef0dbb4d73,体調戻りました💪 ＆ 噂のSubstack始めてみました,220,7.33,0,220,30,2026-05-27
25,n948cdc8d919c,【AIシオンの画像生成入門】#140「シネマティック照明」で映画のワンシーンを作ろう！,216,7.2,0,216,30,2026-05-27
26,n6aab465e028a,📌【固定記事】はじめまして！AIシオンです🌸 マガジンの歩き方をご案内します,215,7.17,0,215,30,2026-05-27
27,nb9b1b52ed6aa,それでも月曜日は始まる｜2026/04/27 (月)｜画像生成｜AIイラスト,210,7.0,0,210,30,2026-05-27
28,n47dc9f8a463f,通信が切れても作業は止まらない。スマホ版Copilot Coworkの思わぬメリット📱✨,207,6.9,0,207,30,2026-05-27
29,n5232eede84f6,PowerPointを直接操作できる生成AIは Copilot だけ？スライドと原稿を一発生成してみた,203,6.77,0,203,30,2026-05-27
30,n8a66cc81a45b,【AIシオンの画像生成入門】#142「カラフル」画面がパッと華やかに！ Copilot GPTImage1.5 / Gemini NanoBananaPro 画像比較・解説,198,6.6,0,198,30,2026-05-27
31,n67f93848c2d6,ChatGPTで異世界転生？キラキラのキャラクターカード作ったら2枚目が出てきた件,193,6.43,0,193,30,2026-05-27
32,n320a6c4faa4a,半年放置していたシオンさんの設定を、AI2台でやっと固めた話🍣｜Copilot Cowork × ChatGPT Images 2.0でキャラクターシートを作り直してみた,190,6.33,0,190,30,2026-05-27
33,n1f20a9e0db45,【AIシオンの画像生成入門】#143「ビビットカラー」一気に夏感が跳ね上がる！,184,6.13,0,184,30,2026-05-27
34,n9263bd7325cf,AIシオンの画像生成入門で採用漏れになったイラストたち,179,5.97,0,179,30,2026-05-27
35,n9f33392c1b33,生成AIは「作業の棚卸し」に使え｜3か月後の自分を救う、Copilot in Excel の話,179,5.97,0,179,30,2026-05-27
36,n6f9a5383cc47,たまに食べるハンバーガーはおいしいと思いませんか？,174,5.8,0,174,30,2026-05-27
37,nfab6a9d8afca,"noteの""おかしい数字""を分解してみた ── アクセス分析ツール経過報告",171,5.7,0,171,30,2026-05-27
38,n6ba3d9d5aecf,覚えるときは覚えたいとき｜日曜日は息抜き朝活,164,5.47,0,164,30,2026-05-27
39,nfde7a4d778e2,今日も洞窟編｜PowerPointでAIイラスト,162,5.4,0,162,30,2026-05-27
40,nd5a6b2757379,風邪ひきました。ダウン中。,159,5.3,0,159,30,2026-05-27
41,n4b02c38fdc62,やはりExcelやWordでのCopilotは使えなくなるのか？続報が無いまま、審判の日へ【AI活用｜生成AI｜Copilot｜業務効率化｜仕事術】,152,5.07,557,709,30,2026-05-27
42,ndeccdac0bf04,生成AIの文章生成能力ってどのくらい差があるんだろう？,141,4.7,0,141,30,2026-05-27
43,n4de9e18d3ff3,SharePointのハイパーリンク列に「表示名」を付ける3つの方法【Power Automate対応】,140,4.67,1184,1324,30,2026-05-27
44,nb01cd396321c,【自動化】「簡単」なのに「難しい」？Power Automateで陥る落とし穴とは,122,4.07,1080,1202,30,2026-05-27
45,n07331599d467,【審判の日の答え】 やはりExcelやWordでのCopilotは使えなくなるのか？【AI活用｜生成AI｜Copilot｜業務効率化｜仕事術】,120,4.0,358,478,30,2026-05-27
46,n6ff4b0501778,ChatGPTの画像生成でお遊び中｜2026/04/26(日)｜画像生成｜AIイラスト,107,3.57,127,234,30,2026-05-27
47,n126a0845bdbb,Windows 11標準でGIF作れた！Snipping Tool録画→GIF化のやり方,97,3.23,578,675,30,2026-05-27
48,ncee34da719fc,【AI シオンの画像生成入門】#103 「夜の路地」初心者でも簡単！奥行きと光で魅せる背景プロンプト🎨 ｜毎日投稿 毎日note 画像比較・解説 Copilot GPTImage1.5 / Gemini NanoBananaPro プロンプト付き,89,2.97,269,358,30,2026-05-27
49,n012f9927f3b7,【画像生成AI入門】#20 「オーバーショルダー」背中越しの視点が生む没入感とは？,69,2.3,206,275,30,2026-05-27
50,na36a7021f7fd,【M365激震】Copilot無償版がOfficeアプリで制限？今のうちに企業がやるべき「効果測定」とは,63,2.1,633,696,30,2026-05-27
51,n099c451d32c5,【画像生成AI入門】#64 「ミリタリー」キャラが強く見える定番ワードまとめ,56,1.87,252,308,30,2026-05-27
52,n6b033d57888c,【画像生成AI入門】#16「シンメトリー構図」なぜ“左右対称”の構図は美しく見えるのか？,50,1.67,169,219,30,2026-05-27
53,nec73a7f12645,【AIシオンの画像生成入門】#132 「夕焼け」 時間帯指定との違いを知って表現力アップ（Microsoft365 Copilot の画像生成AIを利用したAIイラストプロンプト解説）,44,1.47,225,269,30,2026-05-27
54,n799d8680584b,【画像生成AI入門】#74 「リュック」 背中に足すだけで印象アップ,42,1.4,157,199,30,2026-05-27
55,nf1cb02244f67,「AIがPCを持つ」時代へ—Project Opalの魅力を語る🎉,42,1.4,309,351,30,2026-05-27
56,n4982f548a357,「デジさしみ」のお品書き,41,1.37,241,282,30,2026-05-27
57,n89b907820961,【AIシオンの画像生成入門】#118 「ピクセルアート」カクカクが可愛い！レトロな魅力 #Copilot #Gemini #AIイラスト #画像生成AI,41,1.37,324,365,30,2026-05-27
58,ncb03766f1808,【画像生成AI入門】#11「広角・ローアングル」ってどんな世界？視点を変えるだけで劇的変化！,41,1.37,272,313,30,2026-05-27
59,n8e7f55b4d332,【画像生成AI入門】#78「ネオン看板」夜の街を一瞬でエモく変える光のマジック,38,1.27,156,194,30,2026-05-27
60,nfcdb32c157bd,【M365管理者向け】 Teams外部チャットを安全に止める方法⚠️便利さの裏に潜むリスク,37,1.23,512,549,30,2026-05-27
61,nf522191c6877,PowerAutomateの調べものに強い生成AIは？初心者向けに徹底比較！🧠🔍,36,1.2,325,361,30,2026-05-27
62,ne29cd3ede4a2,【AI シオンの画像生成入門】#88 「パステル」柔らかい色使いで癒やし系イラストを生成しよう🎨,35,1.17,194,229,30,2026-05-27
63,n67b4282bd363,【体験談あり】Power Automate × SharePoint Listsのログ管理 －その１－,35,1.17,190,225,30,2026-05-27
64,n3865315da750,【画像生成AI入門】#32 「フィルムグレイン強め」でノスタルジックな雰囲気を演出しよう,34,1.13,164,198,30,2026-05-27
65,n5de47a30231f,【画像生成AI入門】#80「魔法陣」背景が寂しい…を救ってくれた魔法の一語,33,1.1,147,180,30,2026-05-27
66,n34a6b20411c9,【Windows11】マウスカーソルの大きさ変えられるの知ってました？【新年度応援キャンペーン 第2弾】1回目,32,1.07,311,343,30,2026-05-27
67,n79cae69d45cd,【ご報告】資格試験 PL-900 受験 ＆ 合格してきました,32,1.07,355,387,30,2026-05-27
68,n0dd5336a2dd6,【デジさしみSharePoint 攻略】最初に知りたい「4つの役割」✅ | Microsoft365 初心者が最初に知るべき全体像,31,1.03,1139,1170,30,2026-05-27
69,n140a86afc1fd,何気なく右クリックしたら便利すぎた❗Edgeの「Copilotで要約」が想像以上でした | MicrosoftEdge | Copilot | 生成AI | ブラウザ活用 | 情報収集 | 要約機能,31,1.03,216,247,30,2026-05-27
70,nb4d53cfa0e77,Copilot の水彩画で遊んでみる｜2026/04/24(金)｜画像生成｜AIイラスト,28,0.93,248,276,30,2026-05-27
71,n331b65e896c6,OneNoteは「下書き置き場」と割り切ると最強 📝,28,0.93,383,411,30,2026-05-27
72,n0ce0006eea83,【AIシオンの画像生成入門】#134 「逆光」イラストにエモさと透明感をプラスしよう！🌇✨（Microsoft365 Copilot の画像生成AIを利用したAIイラストプロンプト解説）,27,0.9,196,223,30,2026-05-27
73,nd8629c72167b,【画像生成AI入門】#77「 提灯 」和風プロンプトの決定版！温かな光を添える方法,25,0.83,170,195,30,2026-05-27
74,n9d35b0d5051a,【画像生成AI入門】#39 「シャープ仕上げ」の効果とは？質感・光・存在感を操るテクニック,25,0.83,116,141,30,2026-05-27
75,n752f2c3efe1e,【AIシオンの画像生成入門】#137「木漏れ日」でイラストを一気にエモくしよう！🌳✨（Microsoft365 Copilot の画像生成AIを利用したAIイラストプロンプト解説）,25,0.83,219,244,30,2026-05-27
76,n7b6f85cda4eb,【画像生成AI入門】#12「標準・アイレベル」ってどんな世界？目線の高さがカギ！自然な世界観を演出,24,0.8,94,118,30,2026-05-27
77,n7a3eec5a2fa0,【2025年8月版】3大AI「ディープリサーチ」徹底比較：あなたに最適なのはどれ？,24,0.8,656,680,30,2026-05-27
78,ne88a1bc97f40,【AIシオンの画像生成入門】#126 「逆さ構図」 空に落ちる！？ダイナミックな非日常アート！ （Microsoft365 Copilot の画像生成AIを利用したAIイラスト）,21,0.7,206,227,30,2026-05-27
79,ne1e7ef60ebdf,【AI シオンの画像生成入門】#94 「煙」奥行きと空気感を出すプロンプト解説🎨 ,21,0.7,213,234,30,2026-05-27
80,n82e0022deabe,Excel Agent Mode解禁！今すぐ作業を丸投げしよう【デジさしみの業務効率化】,21,0.7,886,907,30,2026-05-27
81,n94037b278329,【AIシオンの画像生成入門】#122 「フレームアウト」 はみ出すだけで躍動感が段違い！ （Microsoft365 Copilot の画像生成AIを利用したAIイラスト）,21,0.7,231,252,30,2026-05-27
82,n594a34c85149,【AIシオンの画像生成入門】#130 「反射構図」 上下対称のシンメトリーで一気に幻想的な雰囲気に！（Microsoft365 Copilot の画像生成AIを利用したAIイラストプロンプト解説）,21,0.7,277,298,30,2026-05-27
83,n719abb57ac52,【AIシオンの画像生成入門】#127 「連続写真風」 ストーリー性がマシマシ！動きの過程を視覚化する （Microsoft365 Copilot の画像生成AIを利用したAIイラスト）,21,0.7,258,279,30,2026-05-27
84,nf9a4d90da5aa,【デジさしみSharePoint攻略】Teamsで保存したファイルはどこ❓｜SharePointサイトが増える理由と保存先の仕組み✅ IT初心者向けMicrosoft365業務効率化,21,0.7,840,861,30,2026-05-27
85,n002181061da5,【画像生成AI入門】#33 「ヴィネット追加」で主題が際立つ！画像の印象を一気に深めるテクニック,21,0.7,126,147,30,2026-05-27
86,n6f4733e55fbe,【画像生成AI入門】#19 「クローズアップ」って何？感情を伝える画像を作ろう,20,0.67,131,151,30,2026-05-27
87,n161664e7c50d,3分で把握！ Copilot （法人版） GPT-Image-1.5 使い方と「 業務資料が楽になる 」注意点まとめ,20,0.67,193,213,30,2026-05-27
88,ncd03dd715923,【画像生成AI入門】#18「全身」ポーズと背景で世界観を広げる,20,0.67,124,144,30,2026-05-27
89,n3681db31bfbc,Teams使ってなくても招待が届く？アップデートの影響と注意点,20,0.67,343,363,30,2026-05-27
90,n3f0123c5781d,【画像生成AI入門】#21 「キャンドル光」で幸福感アップ！画像生成AIで光を操る,19,0.63,93,112,30,2026-05-27
91,nf91d521d54bc,【画像生成AI入門】#27 「セピア」で一気にノスタルジックに！色調ひとつで変わる世界,19,0.63,96,115,30,2026-05-27
92,n98cbca56f702,【AIシオンの画像生成入門】#106 「森林」光のプロンプトで激変！幻想的な森の作り方 Copilot GPTImage1.5 / Gemini NanoBananaPro 画像比較・解説,19,0.63,259,278,30,2026-05-27
93,nd74ff5f72615,「帰るな」と言われた夜21時。40代就職氷河期世代が噛み締めた、理不尽と泥臭い記憶（序章）,18,0.6,294,312,30,2026-05-27
94,nbc44911ab0ea,【画像生成AI入門】#25 「パステルカラー」で世界が変わる！ふんわり幻想的な雰囲気の作り方,18,0.6,118,136,30,2026-05-27
95,nb27403fdcbdc,Copilot Pages × Chatで変わる！業務を加速する最新アップデートとは,18,0.6,409,427,30,2026-05-27
96,n6b485635be13,引き続き学習中【デジさしみの朝活】2026/04/23(木)｜画像生成｜AIイラスト,18,0.6,184,202,30,2026-05-27
97,n407c3e9a4b79,【初心者向け】あなたの仕事を劇的に変えるPower Automate活用事例 3選,18,0.6,342,360,30,2026-05-27
98,n32ef428cf3b2,【感謝！】フォロワー500人＆200日連続投稿達成しました！リアルな数字公開します,16,0.53,186,202,30,2026-05-27
99,n32ca1492a511,【AIシオンの画像生成入門】#136 「サイドライト」でイラストに立体感とドラマを！💡（Microsoft365 Copilot の画像生成AIを利用したAIイラストプロンプト解説）,16,0.53,240,256,30,2026-05-27
100,n45efd0891d8a,【AI シオンの画像生成入門】#89 「アクリル」厚塗り風アートを楽しむ方法🎨,15,0.5,119,134,30,2026-05-27
101,nc7de4bfd106c,【画像生成AI入門】#69 「パーカー」で雰囲気が激変！自然でかわいい人物を作るプロンプトのコツ,15,0.5,227,242,30,2026-05-27
102,nd71619226531,穏やかな朝と宅習の日【デジさしみの朝活】2026/04/22(水)｜画像生成｜AIイラスト,15,0.5,181,196,30,2026-05-27
103,na86d65fdfc5e,【画像生成AI入門】#34 「色収差わずかに」がもたらす、淡くリアルな世界の作り方,14,0.47,135,149,30,2026-05-27
104,nbf97c27dfb34,【AIシオンの画像生成入門】#116 「ゴシック」不気味で美しい！理想のダークファンタジー #Copilot / #Gemini #AIイラスト,14,0.47,234,248,30,2026-05-27
105,nf03589f732c9,【AIシオンの画像生成入門】#104 「日本庭園」味気ない背景が、静寂に包まれる本格美景に！🎨  毎日投稿 毎日note 画像比較・解説 Copilot GPTImage1.5 / Gemini NanoBananaPro プロンプト付き,14,0.47,232,246,30,2026-05-27
106,n8d589befdee2,【自己紹介】40代 会社員 M365 × 画像生成 の組み合わせで投稿？,13,0.43,215,228,30,2026-05-27
107,n0245074f9f18,【画像生成AI入門】#38 「ノイズ追加」で絵に深みを出す！AI画像の質感コントロール,13,0.43,114,127,30,2026-05-27
108,n0821d2026370,Microsoft365の最新情報まとめ（2025秋版）,13,0.43,385,398,30,2026-05-27
109,nd4461e9d4c30,【AIシオンの画像生成入門】#111 「フォトリアル」えっ、これAIなの？と驚かせる画像生成術 Copilot GPTImage1.5 / Gemini NanoBananaPro 画像比較・解説 毎日投稿 毎日note,13,0.43,329,342,30,2026-05-27
110,n808c441acd13,【生成AI全滅!?】Copilotエージェントの正体とは？～生成AI 5種で徹底調査！～,13,0.43,251,264,30,2026-05-27
111,nb7a26e97ab1d,【AI シオンの画像生成入門】#84 「3Dレンダ」 まるで最新CG映画！立体感が爆上がりする魔法の言葉🎨,13,0.43,162,175,30,2026-05-27
112,n7ec8e6eb27d7,【画像生成AI入門】#37「グリッチ効果」AIが作る壊れた世界の魅力とは？,13,0.43,93,106,30,2026-05-27
113,n4073c9414fbf,【AI シオンの画像生成入門】#96 「レンズフレア」写真っぽさとリアリティが激変する光表現テクニック🎨,12,0.4,251,263,30,2026-05-27
114,nf3a893e534de,【ランダム投稿】生成AIに画像を作ってもらった,12,0.4,153,165,30,2026-05-27
115,n513573c02a0f,Nanobanana2 が実装されたらしいので、画像生成して遊んでみた,12,0.4,320,332,30,2026-05-27
116,n6016cc750d54,【画像生成AI入門】#76 「メガネ」知的な印象を一気にプラスする魔法のアイテム,12,0.4,122,134,30,2026-05-27
117,n0686dec28df6,GPT-5.2がリリースってCopilotも！？利用できるアプリ調べました🚀✨,12,0.4,634,646,30,2026-05-27
118,nf4689cee4da0,生成AIは「デジタルさしみ」を理解できるのか？ 主要 画像生成AI 徹底比較 （2026/4 版）【5つの生成AIで比較！ | ChatGPT | Copilot | Gemini | Grok | Stable Diffusion 】,11,0.37,271,282,30,2026-05-27
119,n01b77fa4d654,【画像生成AI入門】#79「ホログラム端末」光るディスプレイで近未来を演出,11,0.37,128,139,30,2026-05-27
120,nd1c204c69c27,【画像生成AI入門】#60 「活発」を足すだけで絵が一気に動き出す,11,0.37,112,123,30,2026-05-27
121,n1be2f0dfc00a,【画像生成AI入門】#55 「荘厳」静けさと力強さを両立するプロンプト解説,11,0.37,90,101,30,2026-05-27
122,ne215d1848b23,【AI シオンの画像生成入門】#91 「光の粒子」キラキラを味方につけて奥行きのある1枚を🎨,10,0.33,125,135,30,2026-05-27
123,n1a0876674f96,【AIシオンの画像生成入門】#114 「レトロ」懐かしのフィルム感がエモさを引き立てる！ #Copilot / #Gemini 画像比較・解説 毎日投稿 毎日更新,10,0.33,301,311,30,2026-05-27
124,n50759e12b971,パノラマがうまくいかないモヤモヤ、超広角で解決するか試した話【デジさしみの朝活】2026/04/18(土)｜画像生成｜AIイラスト,10,0.33,273,283,30,2026-05-27
125,n63318f445fe8,【画像生成AI入門】#73 「懐中時計」｜時間と物語を感じさせるAI画像の作り方,10,0.33,110,120,30,2026-05-27
126,n314468b0a41a,【AIシオンの画像生成入門】#133 光を際立たせる「暗闇（Dark lighting）」の魔法！,10,0.33,207,217,30,2026-05-27
127,nd784bd97aa44,【結果は不明？】GPT-4.1？GPT-5？Copilotエージェントの正体を探ってみた,10,0.33,279,289,30,2026-05-27
128,n49ef592389c6,【AIシオンの画像生成入門】#135 「反射光」でイラストに空気感と立体感をプラスしよう！（Microsoft365 Copilot の画像生成AIを利用したAIイラストプロンプト解説）,10,0.33,248,258,30,2026-05-27
129,nefea123284ce,【独占検証】Copilot PagesがClaude超え？Chat連携で本当に業務が加速した話,9,0.3,238,247,30,2026-05-27
130,n723190570b21,【画像生成AI入門】#15「トップダウン」上からの視点が生む“物語感”とは？,9,0.3,117,126,30,2026-05-27
131,nf357e215de58,最強の相棒！Excel Agent Mode スターターガイド【デジさしみの業務効率化】,9,0.3,263,272,30,2026-05-27
132,n262712e6fc30,夜の雑記（2026/4/14）情報投稿とCopilot Coworkの話,8,0.27,231,239,30,2026-05-27
133,n8a5af9431277,【画像生成AI入門】#62 近未来スーツとは？画像生成AIで“未来感の質”を高める方法,8,0.27,109,117,30,2026-05-27
134,n8d4fa1b1faab,【AI シオンの画像生成入門】#99 「モーションブラー」止まっていた世界が動き出す？🎨,8,0.27,244,252,30,2026-05-27
135,n9042f86fda54,【画像生成AI入門】#65 「ローブ」魔法みたいに世界観が深まる服装ワード,8,0.27,137,145,30,2026-05-27
136,n690cc6601fef,"【画像生成AI入門】#04「ミニマル」ってどんな世界？""シンプル""をプロンプトで再現！",8,0.27,57,65,30,2026-05-27
137,n6db48843dd5f,間違っている記事を見つけたとき、あなたは指摘できますか？,8,0.27,261,269,30,2026-05-27
138,nf4323e05cf1c,【AI シオンの画像生成入門】#93 「炎」一瞬でドラマチック！画面に熱量を加える魔法の言葉🎨,8,0.27,148,156,30,2026-05-27
139,n269e57490f2f,【AIシオンの画像生成入門】#131 「朝焼け」 爽やかな光でイラストの透明感をアップさせよう！（Microsoft365 Copilot の画像生成AIを利用したAIイラストプロンプト解説）,8,0.27,272,280,30,2026-05-27
140,n0b8d254e9c75,【画像生成AI入門】#10「イラスト風」ってどんな世界？柔らかくて温かみのある雰囲気を！,8,0.27,133,141,30,2026-05-27
141,nde97258d092b,つれづれと。画像生成やCopilot Coworkに挑戦中,7,0.23,267,274,30,2026-05-27
142,nb3b2558cd02d,【画像生成AI入門】#49「雨」 ひとつでここまで変わる！背景・光・質感の違いを徹底比較,7,0.23,95,102,30,2026-05-27
143,nbe7315e62db4,【画像生成AI入門】「サイバーパンク」ってどんな世界？未来×退廃の魅力をプロンプトで再現！,7,0.23,77,84,30,2026-05-27
144,n1549fb2754cb,【自己紹介】40代 不器用な会社員が画像生成の勉強を始めた理由！（画像生成AI、AIイラスト、M365、Excel、ワーパパ、ChatGPT、Gemini、エッセイ、フォロワー、記事）,7,0.23,457,464,30,2026-05-27
145,n2a7ac193ca06,社内勉強会チャンネルをナチュラルで彩る — Copilot Create バナープロンプト実録,7,0.23,251,258,30,2026-05-27
146,nb99fc8724fba,【画像生成AI入門】#70 「ジーンズ」ラフで親しみやすい人物を作るコツ,6,0.2,95,101,30,2026-05-27
147,n048b43e39d7a,みなさんは、AIイラストを生成するとき、どこから始めますか？,6,0.2,265,271,30,2026-05-27
148,n414d2814923b,【画像生成AI入門】#52 「緊張感」 キャラクターの心理を伝える空気感の作り方,6,0.2,57,63,30,2026-05-27
149,n6e39c6eee69e,【AIシオンの画像生成入門】#125 「バックビュー」 後ろ姿の指定で没入感たっぷりのイラストへ （Microsoft365 Copilot の画像生成AIを利用したAIイラスト）,6,0.2,220,226,30,2026-05-27
150,n71943eb46c98,【AIシオンの画像生成入門】#119 「フラットデザイン」カクカクが可愛い！レトロな魅力 #Copilot #Gemini #AIイラスト #画像生成AI,6,0.2,190,196,30,2026-05-27
151,n4660c3e5c5b9,シオンさんといろいろ散歩【デジさしみの朝活】2026/04/15(水)｜画像生成｜スキしてみて,6,0.2,162,168,30,2026-05-27
152,n64e4861fdffd,【画像生成AI入門】#35 「グロー効果」で“ふわっと輝く”夜を演出してみよう,6,0.2,100,106,30,2026-05-27
153,n9d38a6e586ab,【画像生成AI入門】#68 「ドレス」 可憐にもゴージャスにも変化する万能ワード,6,0.2,97,103,30,2026-05-27
154,n94d1b77fa2e5,はじめまして！デジさしみです。｜M365の効率化とAI画像生成、ときどき子育て,6,0.2,301,307,30,2026-05-27
155,nb2fd3f879a64,Power Automate Desktopでnoteダッシュボードのデータ取得を自動化してみた話,6,0.2,145,151,30,2026-05-27
156,nbf0d4fb0e94c,Copilotが作る新年度バナー：エネルギー全開な春の画像,6,0.2,201,207,30,2026-05-27
157,n93c34cca15ac,【公開準備中】画像生成AIの幅が広がる！Excelで作るプロンプト支援ツール,6,0.2,63,69,30,2026-05-27
158,n0833346576a9,【AI シオンの画像生成入門】#85 「コラージュ」 切り貼りの美学！独特な深みと質感を出す方法🎨,5,0.17,176,181,30,2026-05-27
159,n13bc96c307b4,生成AIは「デジタルさしみ」を理解できるのか？ 主要 画像生成AI 徹底比較 （2026/3 版）【5つの生成AIで比較！ | ChatGPT | Copilot | Gemini | Grok | Stable Diffusion 】,5,0.17,257,262,30,2026-05-27
160,n18e88547ce15,【AIシオンとデジさしみの画像生成入門】#EX017 「激映えする構図」いつもとは違う角度×2を考えてみる（前編）,5,0.17,290,295,30,2026-05-27
161,n1bbef4f588ec,"【画像生成AI入門】#03「モダン」ってどんな世界？""洗練された雰囲気""をプロンプトで再現！",5,0.17,46,51,30,2026-05-27
162,nccae5f0e210e,Excel Agent Modeでnoteのダッシュボードを解析してみる【デジさしみのAI実験室】 vol.005,5,0.17,187,192,30,2026-05-27
163,na467629cfad3,休みの日は、気が付けば体力が減っている,5,0.17,207,212,30,2026-05-27
164,n591fe51fdb5e,【AI シオンの画像生成入門】#102 「都市の夜景」夜の光がキャラの魅力を引き立てる🎨 ｜毎日投稿 毎日note 画像比較・解説 Copilot GPTImage1.5 / Gemini NanoBananaPro プロンプト付き,5,0.17,272,277,30,2026-05-27
165,n4fd7f3b7415a,【AIシオンの画像生成入門】#113 「ロー・ポリゴン」3Dゲーム風の可愛さをAIで再現してみよう！ #Gemini / #Copilot 画像比較・解説 毎日投稿 毎日note,5,0.17,236,241,30,2026-05-27
166,n6d46f23f24ef,【AIシオンの画像生成入門】#124 「フロントビュー」 正面構図でキャラの魅力アップ✨ （Microsoft365 Copilot の画像生成AIを利用したAIイラスト）,5,0.17,229,234,30,2026-05-27
167,n6ef366a5733c,【画像生成AI入門】#53 「幸福感」初心者でも使える“幸せ表現”の作り方,5,0.17,68,73,30,2026-05-27
168,n735122a9bbd2,【AI シオンの画像生成入門】#97 「体積光」神々しい光のカーテンをプロンプトで出そう🎨,5,0.17,249,254,30,2026-05-27
169,n47d6606780af,Copilotで情報ソースを確認していたら、自分のnote記事が出てきた話,5,0.17,63,68,30,2026-05-27
170,n465a50ff559d,noteのデータをExcelでコネコネしてみた【デジさしみのAI実験室】 vol.006,4,0.13,194,198,30,2026-05-27
171,n482a77a025cf,【AIシオンの画像生成入門】#105 「田園風景」都会の喧騒を忘れるノスタルジックな1枚を Copilot GPTImage1.5 / Gemini NanoBananaPro 画像比較・解説,4,0.13,173,177,30,2026-05-27
172,nb5ee1d387bd8,【画像生成AI入門】#22 「逆光のフレア」で物語が動き出す！光の演出で印象が激変する画像比較,4,0.13,71,75,30,2026-05-27
173,nc27e8e126759,【画像生成AI入門】#71 「傘」キャラの印象を強くする小物テクニック,4,0.13,74,78,30,2026-05-27
174,n54a2987786da,【画像生成AI入門】#30 「青みのコールドトーン」で作る静寂と透明感の世界,4,0.13,100,104,30,2026-05-27
175,nf62da984e697,【AI シオンの画像生成入門】#100 「星のトレイル」いつもの夜空が幻想的な光の渦に変わる魔法！,4,0.13,257,261,30,2026-05-27
176,n4a9065b365cc,"【作ってみた】画像プロンプトは""くじ引き""から！？",4,0.13,41,45,30,2026-05-27
177,n530c2ae448fb,生成AIは「デジタルさしみ」を理解できるのか？ 主要 画像生成AI 徹底比較 （2026/1 版）【5つの 生成AI で比較！ | ChatGPT | Copilot | Gemini NanoBanana Pro | Grok | Stable Diffusion 】,4,0.13,171,175,30,2026-05-27
178,n1e4c5e84bc09,【画像生成AI入門】#61 「和服」キャラを綺麗に作るには？画像生成AIで押さえるべきポイント,4,0.13,105,109,30,2026-05-27
179,n96f433315436,【AI シオンの画像生成入門】#92 「霧」朝霧から雲海まで、一言でエモい空気感を作る🎨,4,0.13,105,109,30,2026-05-27
180,nb10112c27a64,“少し話したい”をもっと自然に 💬Teams 新機能を使った外部とのつながり方,4,0.13,191,195,30,2026-05-27
181,n9ed750802909,Excelエージェントモード実装！深夜テンションで最速レビューしてみた。できること・使い方。・・・おや、Claudeもついてきてる！？,4,0.13,296,300,30,2026-05-27
182,ndc151cfa751b,月曜日というよりも年度末が頭をちらつく朝【デジさしみの朝活】｜画像生成｜スキしてみて,4,0.13,191,195,30,2026-05-27
183,ndb219aedc331,【画像生成AI入門】#06「ドット絵風」ってどんな世界？画像生成AIでレトロな魅力を再発見！,4,0.13,88,92,30,2026-05-27
184,n26b846d3a80b,【画像生成AI入門】#75「 帽子 」ベレー帽から麦わら帽子まで、印象操作の魔法,4,0.13,78,82,30,2026-05-27
185,n191c1efd46ac,【AIシオンの画像生成入門】#112 「サイケデリック」 目のチカチカが癖になる！超ド派手な演出術✨ #Copilot / #Gemini 画像比較・解説 毎日投稿 毎日note,4,0.13,308,312,30,2026-05-27
186,n94d926a94f2b,水族館に行こう！（２）【デジさしみの朝活】｜画像生成｜スキしてみて,4,0.13,239,243,30,2026-05-27
187,n3185ed356640,【画像生成AI入門】#08「ペーパークラフト」ってどんな世界？紙のアートをデジタルで再現！,4,0.13,71,75,30,2026-05-27
188,nbdde5e820a3a,【AIシオンの画像生成入門】#129 「シルエット」 表情を隠して美しい背景を（Microsoft365 Copilot の画像生成AIを利用したAIイラスト）,4,0.13,164,168,30,2026-05-27
189,nbdf2ca8272df,初心者でも迷わない、AI共創ワーク——Copilot Agent Modeが変えるExcelの作り方【検証あり】,4,0.13,217,221,30,2026-05-27
190,n49956c4268f4,【AI シオンの画像生成入門】#95 「ボケ」主役を引き立てる背景マジック🎨,4,0.13,160,164,30,2026-05-27
191,nec46087b6eac,【無料配布】画像生成AIの幅が広がる！Excelで作るプロンプト支援ツール,3,0.1,85,88,30,2026-05-27
192,ne1d310f4a5be,【画像生成AI入門】#45 「夜明け」はAIの解釈次第で色味が変わる！？,3,0.1,102,105,30,2026-05-27
193,nf160e8786e4d,月曜だからこそ元気よく！【デジさしみの朝活】｜画像生成｜スキしてみて,3,0.1,267,270,30,2026-05-27
194,n5403a7c6d2cf,【AIシオンの画像生成入門】#115 「バロック」歪んだ真珠が作る美学！奥行きと迫力を生むテクニック #Copilot / #Gemini 画像比較・解説 毎日投稿 毎日更新,3,0.1,256,259,30,2026-05-27
195,n763bb8c180c2,【画像生成AI入門】#02「ノワール」ってどんな世界？幻想的×近未来の魅力をプロンプトで再現！,3,0.1,63,66,30,2026-05-27
196,n01c1a643afec,"【画像生成AI入門】#EX012 「年越しそば」AIに""大晦日""を理解させる方法",3,0.1,81,84,30,2026-05-27
197,n029f0f7c552a,【画像生成AI入門】#41 「春」 ― 新緑・桜・柔光…AIが自動で加える春らしさとは？,3,0.1,47,50,30,2026-05-27
198,nd739cc88495d,【画像生成AI入門】#40 「ぼかし」の威力とは？背景を整理して主役を際立たせる方法,3,0.1,59,62,30,2026-05-27
199,ne7bff0f115e1,【画像生成AI入門】#46 「黄昏」の光と影が主題を劇的に変える,3,0.1,40,43,30,2026-05-27
200,ne160b9a4878f,【画像生成AI入門】#07「スチームパンク」ってどんな世界？画像生成AIで冒険世界を創造！,3,0.1,62,65,30,2026-05-27
201,ndd5a611f2571,【画像生成AI入門】#26 「柔らかい光」って何？画像生成AIで“ふんわり雰囲気”をつくる魔法,3,0.1,84,87,30,2026-05-27
202,n2162844606f8,【画像生成AI入門】#51 「幻想的」 現実→夢世界へ。空気感の変化を徹底比較,3,0.1,47,50,30,2026-05-27
203,nd21147ffdd06,焦りと学びと怠惰と疲労と。日曜日の朝に思う。,3,0.1,252,255,30,2026-05-27
204,na660c9733b3f,【AIシオンの画像生成入門】#123 「サイドビュー」 視線を外して背景と馴染ませるテクニック （Microsoft365 Copilot の画像生成AI機能を利用したAIイラスト解説）,3,0.1,236,239,30,2026-05-27
205,n941e80af75b5,最近流行りのAIに「私の扱い方」を聞いてみたら、思ったより好かれていて安心した話,3,0.1,206,209,30,2026-05-27
206,naf2a9ee130d3,【note分析レポート #2】無意識のSEO/AIOが効いていた2ヶ月目（）の記録,3,0.1,101,104,30,2026-05-27
207,na4b4bc733c1f,【画像生成AI入門】#56 「ノスタルジック」記憶のような世界を描く方法,3,0.1,86,89,30,2026-05-27
208,n7a94b97c7733,疲れた朝に癒しを求めてみる【デジさしみの朝活】｜画像生成｜スキしてみて,3,0.1,197,200,30,2026-05-27
209,n6778e6b97c2f,さすがに疲れが限界突破しました🫠,3,0.1,189,192,30,2026-05-27
210,nbbbcbb34e9c3,【画像生成AI入門】#28 「スポットライト」ってこんな効果もあるの！？想像外の光の演出で主題を際立たせる！,3,0.1,82,85,30,2026-05-27
211,nd1919d3280cf,【AIシオンの画像生成入門】#128 「パノラマ」 見渡す限りの絶景！ 広大な世界観を一瞬で（Microsoft365 Copilot の画像生成AIを利用したAIイラスト）,3,0.1,194,197,30,2026-05-27
212,neef6d1696620,【AIシオンとデジさしみの画像生成入門】#EX018 「激映えする構図」いつもとは違う角度×2を考えてみる（後編） ,2,0.07,299,301,30,2026-05-27
213,n3acd0d0fdf62,【画像生成AI入門】🎄クリスマス特別編🍗まとめ🎯　 | 創作記録 | 生成AI | 画像生成AI | ChatGPT | Copilot | Gemini | NanoBananaPro | プロンプト | AI活用 | クリスマス | 毎日更新,2,0.07,76,78,30,2026-05-27
214,nc92c79598a44,【画像生成AI入門】#13「望遠・ハイアングル」は、ちょっとドラマチックなワンシーン,2,0.07,79,81,30,2026-05-27
215,n1cd8b568ee65,【画像生成AI入門】#31-2 「高精細・ノイズ低め」の調整プロンプト,2,0.07,70,72,30,2026-05-27
216,nc1eca36a2b0d,【画像生成AI入門】#47 「晴天」で世界観が一変！光の強さが生むドラマチック演出の比較,2,0.07,60,62,30,2026-05-27
217,nc03b0c0ae24a,【画像生成AI入門】#42 「季節=夏」 でAIが“暑さ”を描き出す仕組み,2,0.07,39,41,30,2026-05-27
218,n5a3deb616dd7,【画像生成AI入門】#EX009「クリスマスの屋上」甘酸っぱくロマンチックなクリスマスを,2,0.07,69,71,30,2026-05-27
219,nf3484c3f5ee5,Excel Agent Modeに改修案を聞く！【デジさしみのAI実験室】 vol.002,2,0.07,194,196,30,2026-05-27
220,nf7669814f2e5,【画像生成AI入門】#24 「モノクロ」で描く静けさと感情の深み,2,0.07,59,61,30,2026-05-27
221,n0a95fbdb078a,【AI シオンの画像生成入門】#101 「未来都市」普通の街がSFの世界に？AIと描く未来図🎨,2,0.07,227,229,30,2026-05-27
222,n699c738c992f,ちょっとだけ優しい気持ちになれるイラストをCopliotで作ってみた,2,0.07,230,232,30,2026-05-27
223,n6251651f6640,【AI シオンの画像生成入門】#98 「グロー」光の魔法で一気に幻想的な雰囲気に！✨🎨,2,0.07,252,254,30,2026-05-27
224,n55b8407968dc,【画像生成AI入門】#36 ピントの魔法！「被写界深度」で印象的な構図を作る方法🎨,2,0.07,60,62,30,2026-05-27
225,nea5c100a4083,【保存版】業務自動化の始め方ガイド ― 失敗しないための手順と導入事例 ―,2,0.07,106,108,30,2026-05-27
226,n19c48173428a,生成AIは「デジタルさしみ」を理解できるのか？（2025/11 版）,2,0.07,68,70,30,2026-05-27
227,n499cc79b529d,法人版CopilotでAIイラスト！？「アカリウム」参加記念にサイバー水族館で泳いでみました🐟,2,0.07,239,241,30,2026-05-27
228,n8e019ea72a09,【画像生成AI入門】#09「ポップアート」ってどんな世界？SNSで目立つビビッドカラーを体験！,2,0.07,99,101,30,2026-05-27
229,n308cea934099,【画像生成AI入門】#23 「ネオン光」が生む幻想世界｜夜の街に命を吹き込む,2,0.07,80,82,30,2026-05-27
230,n7f66e1bb638f,毎日投稿が苦手な私でも、『AIシオンの画像生成入門』は#100まで続きました,2,0.07,200,202,30,2026-05-27
231,n8b7db643373a,画像サイズはAIの気分次第！？バナー作成で起きた珍事件,2,0.07,33,35,30,2026-05-27
232,n80bd84f9a272,【AI シオンの画像生成入門】#86 「 版画 」おしゃれなポスター風！かすれとインクの魔法🎨,2,0.07,83,85,30,2026-05-27
233,n841c152fb464,皆さんの活躍に刺激されて、こんな時間に。,2,0.07,60,62,30,2026-05-27
234,n7b1b21e29b53,水族館に行こう！（１）【デジさしみの朝活】｜画像生成｜スキしてみて,2,0.07,272,274,30,2026-05-27
235,n30d505303985,シオンさんといろいろ散歩【デジさしみの朝活】｜画像生成｜スキしてみて,2,0.07,195,197,30,2026-05-27
236,n3e5aae75668f,Copilotで素材画像を作ってみた【デジさしみの朝活】｜画像生成｜スキしてみて,2,0.07,212,214,30,2026-05-27
237,nb0d05f3bdc62,【画像生成AI入門】#50 「雪」 光×雪でつくる“しっとり系ビジュアル”解説,2,0.07,65,67,30,2026-05-27
238,n9837f47cf6ad,【画像生成AI入門】#66 「ストリート」＝都会感の正体？AIが理解する服装キーワードとは,2,0.07,96,98,30,2026-05-27
239,na2e6266df33a,【AI シオンの画像生成入門】#87 「インク」が描く、凛とした線の強さと情緒的なにじみ🎨,2,0.07,96,98,30,2026-05-27
240,naac92978056d,【AI シオンの画像生成入門】#81 水彩表現を作る方法 | 💦Watercolorプロンプトで柔らかい雰囲気にするコツ🎨,2,0.07,173,175,30,2026-05-27
241,nac76fc2ff357,【画像生成AI入門】#58「爽快」一瞬で抜け感が出るプロンプト術とは？,2,0.07,79,81,30,2026-05-27
242,n46f972a25135,なぜ私は有料記事を書けないのか？——奪われてきた「自分の値段」,1,0.03,251,252,30,2026-05-27
243,n77ef0206a0c5,【AIシオンの画像生成入門】#86～90　リサイクル,1,0.03,85,86,30,2026-05-27
244,n764a76e01f40,【画像生成AI入門】#72 「古書」｜1冊置くだけで物語が生まれる理由,1,0.03,62,63,30,2026-05-27
245,n550e0e072349,「Copilot エージェント Excel」と「Agent Mode」って何が違うの？深夜1時の雑談比較まとめ,1,0.03,191,192,30,2026-05-27
246,n07a54bc409cc,【画像生成AI入門】#EX015「 お年玉のほほ笑み」あの小さな袋をAIに教える方法,1,0.03,86,87,30,2026-05-27
247,n07140d7c5807,【AIシオンの画像生成入門】#120 「チョークアート」ぬくもり溢れる黒板アートの世界を再現 #Copilot #Gemini #AIイラスト #画像生成AI,1,0.03,171,172,30,2026-05-27
248,n0362d1f691e7,仕事に疲れたら可愛い環境に変えたくなりませんか？｜スキしてみて❤️,1,0.03,168,169,30,2026-05-27
249,nf31aad3664d1,🚀【速報】Excelの「エージェントモード」がついに一般提供へ！,1,0.03,132,133,30,2026-05-27
250,n7991816e25f4,【AI シオンの画像生成入門】#90 「切り絵」絵本のような世界観！温かみ溢れるアートの魔法🎨,1,0.03,120,121,30,2026-05-27
251,nacc57daaa65a,Excel Agent Modeでツール改修！デジさしみのAI実験室 vol.001,1,0.03,194,195,30,2026-05-27
252,nb36956516510,【画像生成AI入門】#05「アールヌーボー」ってどんな世界？「アールヌーボー」感をプロンプトで再現！,1,0.03,52,53,30,2026-05-27
253,n794756255fe4,【AI シオンの画像生成入門】#82 「油彩」 筆あとまでリアル！デジタルが名画に変わる魔法🎨,1,0.03,113,114,30,2026-05-27
254,n80645c86600f,【画像生成AI入門】#59 「ユーモラス」 キャラの魅力を引き出すユーモア表現の使い方,1,0.03,97,98,30,2026-05-27
255,n782a59cb667a,【AIシオンの画像生成入門】#109 「廃墟」寂しさと美しさが共存する、究極のエモ背景 Copilot GPTImage1.5 / Gemini NanoBananaPro 画像比較・解説,1,0.03,241,242,30,2026-05-27
256,n32b3a91d3297,【AIシオンの画像生成入門】#117 「アールデコ」直線美とゴールドが映える！幾何学模様の魔法 #Copilot #Gemini #AIイラスト #画像生成AI,1,0.03,256,257,30,2026-05-27
257,n388f9533d9b8,【画像生成AI入門】#EX001 「クリスマスマーケット」ホットココア片手に歩き出す冬,1,0.03,78,79,30,2026-05-27
258,nb35d7b3e58e3,よし、雑記を書こう,1,0.03,167,168,30,2026-05-27
259,nd3c182de8957,【公開直前】画像生成AIの幅が広がる！Excelで作るプロンプト支援ツール,1,0.03,55,56,30,2026-05-27
260,nd0cf9c3743db,【画像生成AI入門】#EX008 「クリスマスカラーの近未来」赤と緑が“未来都市”に変わる,1,0.03,49,50,30,2026-05-27
261,ncd2337bf2a75,【画像生成AI入門】#31 「高精細・ノイズ低め」でここまで変わる！仕上げ設定で失敗していない？,1,0.03,60,61,30,2026-05-27
262,n2ea1fe1bb542,「簡単に作る」の落とし穴 〜業務効率化の“あるある失敗”から学ぶ〜,1,0.03,44,45,30,2026-05-27
263,n2fa144e3e7c4,【AIシオンの画像生成入門】#121 「フレームイン」窮屈な画面から卒業！開放的な一枚へ （Microsoft365 Copilot の画像生成AIを利用したAIイラスト）,1,0.03,214,215,30,2026-05-27
264,n24e10e8ac454,Excel Agent Modeで専門用語の整理整頓！【デジさしみのAI実験室】 vol.004,1,0.03,186,187,30,2026-05-27
265,n1d4f377dcf51,【画像生成AI入門】#67 「スーツ」表現のコツ｜色と小物で仕上がりが変わる理由,1,0.03,85,86,30,2026-05-27
266,n1aeb4c6f69a8,【画像生成AI入門】#54 「静寂」AIが“静けさ”を読み取る仕組みと使い方,1,0.03,60,61,30,2026-05-27
267,nd24f0424e182,【画像生成AI入門】#EX010 「夜景×イルミ橋」良いクリスマスをお過ごしください,1,0.03,68,69,30,2026-05-27
268,nd85545f8e6a7,【AIシオンの画像生成入門】#101～104　リサイクル,1,0.03,159,160,30,2026-05-27
269,n10e518aec64b,【AIシオンの画像生成入門】#96～100　リサイクル,1,0.03,183,184,30,2026-05-27
270,ne053f015de25,4月になりました！新年度応援キャンペーン 第１弾！！,1,0.03,232,233,30,2026-05-27
271,n1a42c85da59c,生成AIは「デジタルさしみ」を理解できるのか？ 主要 画像生成AI 徹底比較 （2026/2 版）【5つの 生成AI で比較！ | ChatGPT | Copilot | Gemini NanoBanana Pro | Grok | Stable Diffusion 】,1,0.03,238,239,30,2026-05-27
272,nea58910887cd,IF(IF(IF(IF…が誰でも読み取れる！？Excelの“呪文みたいな関数”をCopilotに解説させてみた,1,0.03,240,241,30,2026-05-27
273,nff385ee95871,【画像生成AI入門】#48 「曇り空」がもたらす柔らかい光と静寂の表現テク,1,0.03,57,58,30,2026-05-27
