key,title,累計PV,累計スキ,前日比PV,前日比スキ,-7日PV,-6日PV,-5日PV,-4日PV,-3日PV,-2日PV,-1日PV,-7日スキ,-6日スキ,-5日スキ,-4日スキ,-3日スキ,-2日スキ,-1日スキ,7日合計PV,7日合計スキ,稼働数PV,稼働数スキ,トレンドスコア,状態,集計日
n6aab465e028a,📌【固定記事】はじめまして！AIシオンです🌸 マガジンの歩き方をご案内します,174,11,174,11,0,0,0,0,0,0,174,0,0,0,0,0,0,11,174,11,1,1,174,🔥 急上昇,2026-05-06
n320a6c4faa4a,半年放置していたシオンさんの設定を、AI2台でやっと固めた話🍣｜Copilot Cowork × ChatGPT Images 2.0でキャラクターシートを作り直してみた,140,28,140,28,0,0,0,0,0,0,140,0,0,0,0,0,0,28,140,28,1,1,140,🔥 急上昇,2026-05-06
n4745380d8345,Copilot Coworkに自分のnoteを分析させたら、痛いところを突かれまくった話,227,22,53,5,0,0,0,0,0,174,53,0,0,0,0,0,17,5,227,22,2,2,227,🔥 急上昇,2026-05-06
na13750603d74,生成AIは「デジタルさしみ」を理解できるのか？ 主要 画像生成AI 徹底比較 （2026/5 版）【5つの生成AIで比較！ | ChatGPT | Copilot | Gemini | Grok | Stable Diffusion 】,314,51,25,7,0,0,0,0,186,103,25,0,0,0,0,27,17,7,314,51,3,3,314,🔥 急上昇,2026-05-06
nd8ad9457f9ea,【Windows11】Windows標準のショートカットキー｜初心者が今すぐ使える基本から便利技まで【新年度応援キャンペーン 第2弾】6回目,464,25,14,1,144,62,132,43,35,34,14,18,4,0,0,0,2,1,464,25,7,4,464,🔥 急上昇,2026-05-06
nb1e2265ad790,【Windows11】メモ帳の使い方｜初心者が今すぐ使える基本から便利技まで【新年度応援キャンペーン 第2弾】3回目,1032,17,8,0,14,21,52,28,20,17,8,0,0,0,0,0,0,0,160,0,7,0,-93,🟢 継続,2026-05-06
n1ab49e4662c1,【Windows11】スニッピングツールの使い方｜初心者が今すぐ使える基本から便利技まで【新年度応援キャンペーン 第2弾】2回目,1761,34,8,0,10,27,47,23,28,14,8,0,0,0,0,0,0,0,157,0,7,0,25,🔥 急上昇,2026-05-06
nd4b452ac0cf6,【画像生成AI入門】#17「バストアップ」キャラの魅力がグッと映える！,559,4,8,0,14,4,6,10,13,19,8,0,0,0,0,0,0,0,74,0,7,0,32,🔥 急上昇,2026-05-06
n6f8af975fd10,GPT-Image-2がMicrosoft 365に登場！でもPowerPointのみ？｜画像生成とハマりポイント解説,177,12,7,0,0,0,138,14,12,6,7,0,0,11,0,1,0,0,177,12,5,2,177,🔥 急上昇,2026-05-06
n58f139d7c0db,【初心者向け】Microsoft Listsとは？SharePointとの違いを最短で理解する,4991,8,7,0,15,23,28,2,2,3,7,0,0,0,0,0,0,0,80,0,7,0,-141,🟢 継続,2026-05-06
n674a6d6e700d,キーワード「KAWAII」ってどこまで効果あるのだろう？,209,30,5,0,0,0,0,157,19,28,5,0,0,0,25,4,1,0,209,30,4,3,209,🔥 急上昇,2026-05-06
n012f9927f3b7,【画像生成AI入門】#20 「オーバーショルダー」背中越しの視点が生む没入感とは？,227,4,5,0,1,1,4,4,3,2,5,0,0,0,0,0,0,0,20,0,7,0,5,🔥 急上昇,2026-05-06
n948cdc8d919c,【AIシオンの画像生成入門】#140「シネマティック照明」で映画のワンシーンを作ろう！,197,22,4,0,0,164,16,6,6,1,4,0,16,4,1,1,0,0,197,22,6,4,197,🔥 急上昇,2026-05-06
n6b033d57888c,【画像生成AI入門】#16「シンメトリー構図」なぜ“左右対称”の構図は美しく見えるのか？,177,5,4,0,1,0,1,0,0,2,4,0,0,0,0,0,0,0,8,0,4,0,3,🔥 急上昇,2026-05-06
n83185b47dcae,「毎朝の予定通知、Copilotに任せてみた」〜スケジュール機能の使い方〜,2895,19,3,0,14,19,26,2,3,4,3,0,0,0,0,0,0,0,71,0,7,0,-146,🟢 継続,2026-05-06
n1adb50dd9262,【Windows11】ペイントの使い方｜初心者が今すぐ使える基本から便利技まで【新年度応援キャンペーン 第2弾】4回目,362,23,3,0,5,8,13,10,6,2,3,0,0,0,0,0,0,0,47,0,7,0,-6,🟢 継続,2026-05-06
n573aa06058a6,【初心者向け】OneNote×Copilotで仕事効率爆上がり！情報整理が“あとから強くなる”理由とは？,2530,26,3,0,7,9,7,6,9,5,3,0,0,0,0,0,0,0,46,0,7,0,-68,🟢 継続,2026-05-06
n099c451d32c5,【画像生成AI入門】#64 「ミリタリー」キャラが強く見える定番ワードまとめ,269,12,3,0,0,3,3,1,3,3,3,0,0,0,0,0,0,0,16,0,6,0,-4,🟢 継続,2026-05-06
ncb03766f1808,【画像生成AI入門】#11「広角・ローアングル」ってどんな世界？視点を変えるだけで劇的変化！,292,2,3,0,2,6,0,1,2,1,3,0,0,0,0,0,0,0,15,0,6,0,-2,🟢 継続,2026-05-06
n9d35b0d5051a,【画像生成AI入門】#39 「シャープ仕上げ」の効果とは？質感・光・存在感を操るテクニック,128,10,3,0,0,1,0,2,2,0,3,0,0,0,0,0,0,0,8,0,4,0,2,🔥 急上昇,2026-05-06
nd4461e9d4c30,【AIシオンの画像生成入門】#111 「フォトリアル」えっ、これAIなの？と驚かせる画像生成術 Copilot GPTImage1.5 / Gemini NanoBananaPro 画像比較・解説 毎日投稿 毎日note,333,53,3,0,0,0,0,0,0,0,3,0,0,0,0,0,0,0,3,0,1,0,1,🔥 急上昇,2026-05-06
n07331599d467,【審判の日の答え】 やはりExcelやWordでのCopilotは使えなくなるのか？【AI活用｜生成AI｜Copilot｜業務効率化｜仕事術】,409,58,2,0,5,6,12,4,5,4,2,0,1,0,0,0,0,0,38,1,7,1,-21,🟢 継続,2026-05-06
n34a6b20411c9,【Windows11】マウスカーソルの大きさ変えられるの知ってました？【新年度応援キャンペーン 第2弾】1回目,338,22,2,0,5,1,4,3,2,4,2,0,0,0,0,0,0,0,21,0,7,0,9,🔥 急上昇,2026-05-06
nb01cd396321c,【自動化】「簡単」なのに「難しい」？Power Automateで陥る落とし穴とは,1111,5,2,0,2,3,5,2,0,1,2,0,0,0,0,0,0,0,15,0,6,0,-22,🟢 継続,2026-05-06
nec73a7f12645,【AIシオンの画像生成入門】#132 「夕焼け」 時間帯指定との違いを知って表現力アップ（Microsoft365 Copilot の画像生成AIを利用したAIイラストプロンプト解説）,241,18,2,0,4,0,2,2,2,1,2,0,0,0,0,0,0,0,13,0,6,0,5,🔥 急上昇,2026-05-06
n0ce0006eea83,【AIシオンの画像生成入門】#134 「逆光」イラストにエモさと透明感をプラスしよう！🌇✨（Microsoft365 Copilot の画像生成AIを利用したAIイラストプロンプト解説）,209,20,2,0,3,1,1,2,1,1,2,0,0,0,0,0,0,0,11,0,7,0,2,🔥 急上昇,2026-05-06
n5de47a30231f,【画像生成AI入門】#80「魔法陣」背景が寂しい…を救ってくれた魔法の一語,158,21,2,0,0,3,4,1,0,0,2,0,0,0,0,0,0,0,10,0,4,0,6,🔥 急上昇,2026-05-06
ne29cd3ede4a2,【AI シオンの画像生成入門】#88 「パステル」柔らかい色使いで癒やし系イラストを生成しよう🎨,206,29,2,0,1,2,1,2,0,1,2,0,0,0,0,0,0,0,9,0,6,0,5,🔥 急上昇,2026-05-06
nc7de4bfd106c,【画像生成AI入門】#69 「パーカー」で雰囲気が激変！自然でかわいい人物を作るプロンプトのコツ,235,14,2,0,1,1,1,2,0,0,2,0,0,0,0,0,0,0,7,0,5,0,3,🔥 急上昇,2026-05-06
n89b907820961,【AIシオンの画像生成入門】#118 「ピクセルアート」カクカクが可愛い！レトロな魅力 #Copilot #Gemini #AIイラスト #画像生成AI,331,32,2,0,0,0,0,1,0,3,2,0,0,0,0,0,0,0,6,0,3,0,4,🔥 急上昇,2026-05-06
n314468b0a41a,【AIシオンの画像生成入門】#133 光を際立たせる「暗闇（Dark lighting）」の魔法！,210,25,2,0,1,0,0,0,0,0,2,0,0,0,0,0,0,0,3,0,2,0,-4,🟢 継続,2026-05-06
n45efd0891d8a,【AI シオンの画像生成入門】#89 「アクリル」厚塗り風アートを楽しむ方法🎨,122,14,2,0,0,0,0,0,0,1,2,0,0,0,0,0,0,0,3,0,2,0,1,🔥 急上昇,2026-05-06
n6ff4b0501778,ChatGPTの画像生成でお遊び中｜2026/04/26(日)｜画像生成｜AIイラスト,227,35,1,0,10,5,4,36,2,1,1,1,0,0,6,1,1,0,59,9,7,4,-109,🟢 継続,2026-05-06
n4b02c38fdc62,やはりExcelやWordでのCopilotは使えなくなるのか？続報が無いまま、審判の日へ【AI活用｜生成AI｜Copilot｜業務効率化｜仕事術】,617,86,1,0,7,8,6,9,4,8,1,0,0,0,0,0,0,0,43,0,7,0,-16,🟢 継続,2026-05-06
n8b0bd9cf1fc9,【Windows11】Edge（エッジ）の使い方｜初心者が今すぐ使える基本から便利技まで【新年度応援キャンペーン 第2弾】5回目,198,13,1,0,9,6,9,7,7,2,1,2,0,0,0,0,0,0,41,2,7,1,-116,🟢 継続,2026-05-06
n4982f548a357,「デジさしみ」のお品書き,257,127,1,2,4,0,2,4,1,3,1,2,1,2,3,0,1,2,15,11,6,6,7,🔥 急上昇,2026-05-06
ncee34da719fc,【AI シオンの画像生成入門】#103 「夜の路地」初心者でも簡単！奥行きと光で魅せる背景プロンプト🎨 ｜毎日投稿 毎日note 画像比較・解説 Copilot GPTImage1.5 / Gemini NanoBananaPro プロンプト付き,281,16,1,0,3,1,3,1,2,0,1,0,0,0,0,0,0,0,11,0,6,0,1,🔥 急上昇,2026-05-06
n799d8680584b,【画像生成AI入門】#74 「リュック」 背中に足すだけで印象アップ,172,10,1,0,0,0,2,2,3,2,1,0,0,0,0,0,0,0,10,0,5,0,-1,🟢 継続,2026-05-06
nd8629c72167b,【画像生成AI入門】#77「 提灯 」和風プロンプトの決定版！温かな光を添える方法,184,25,1,0,1,3,0,1,2,1,1,0,0,0,0,0,0,0,9,0,6,0,1,🔥 急上昇,2026-05-06
n126a0845bdbb,Windows 11標準でGIF作れた！Snipping Tool録画→GIF化のやり方,599,12,1,0,1,2,3,0,0,0,1,0,0,0,0,0,0,0,7,0,4,0,-27,🟢 継続,2026-05-06
n3f0123c5781d,【画像生成AI入門】#21 「キャンドル光」で幸福感アップ！画像生成AIで光を操る,101,8,1,0,0,1,2,0,1,1,1,0,0,0,0,0,0,0,6,0,5,0,3,🔥 急上昇,2026-05-06
n8e7f55b4d332,【画像生成AI入門】#78「ネオン看板」夜の街を一瞬でエモく変える光のマジック,164,14,1,0,1,2,0,0,1,1,1,0,0,0,0,0,0,0,6,0,5,0,-2,🟢 継続,2026-05-06
nbc44911ab0ea,【画像生成AI入門】#25 「パステルカラー」で世界が変わる！ふんわり幻想的な雰囲気の作り方,127,10,1,0,2,0,0,1,0,2,1,0,0,0,0,0,0,0,6,0,4,0,-3,🟢 継続,2026-05-06
ncd03dd715923,【画像生成AI入門】#18「全身」ポーズと背景で世界観を広げる,133,7,1,0,2,1,2,0,0,0,1,0,0,0,0,0,0,0,6,0,4,0,2,🔥 急上昇,2026-05-06
nd74ff5f72615,「帰るな」と言われた夜21時。40代就職氷河期世代が噛み締めた、理不尽と泥臭い記憶（序章）,303,43,1,0,2,0,2,0,1,0,1,0,0,0,0,0,0,0,6,0,4,0,-6,🟢 継続,2026-05-06
n6016cc750d54,【画像生成AI入門】#76 「メガネ」知的な印象を一気にプラスする魔法のアイテム,128,15,1,0,0,2,0,0,0,2,1,0,0,0,0,0,0,0,5,0,3,0,3,🔥 急上昇,2026-05-06
nf03589f732c9,【AIシオンの画像生成入門】#104 「日本庭園」味気ない背景が、静寂に包まれる本格美景に！🎨  毎日投稿 毎日note 画像比較・解説 Copilot GPTImage1.5 / Gemini NanoBananaPro プロンプト付き,237,29,1,0,0,0,1,0,1,2,1,0,0,0,0,0,0,0,5,0,4,0,2,🔥 急上昇,2026-05-06
na467629cfad3,休みの日は、気が付けば体力が減っている,212,25,1,0,2,1,0,0,0,0,1,0,0,0,0,0,0,0,4,0,3,0,-6,🟢 継続,2026-05-06
nd1c204c69c27,【画像生成AI入門】#60 「活発」を足すだけで絵が一気に動き出す,116,11,1,0,0,1,1,1,0,0,1,0,0,0,0,0,0,0,4,0,4,0,3,🔥 急上昇,2026-05-06
n4073c9414fbf,【AI シオンの画像生成入門】#96 「レンズフレア」写真っぽさとリアリティが激変する光表現テクニック🎨,255,23,1,0,0,2,0,0,0,0,1,0,0,0,0,0,0,0,3,0,2,0,-1,🟢 継続,2026-05-06
n64e4861fdffd,【画像生成AI入門】#35 「グロー効果」で“ふわっと輝く”夜を演出してみよう,103,9,1,0,1,1,0,0,0,0,1,0,0,0,0,0,0,0,3,0,3,0,2,🔥 急上昇,2026-05-06
n71943eb46c98,【AIシオンの画像生成入門】#119 「フラットデザイン」カクカクが可愛い！レトロな魅力 #Copilot #Gemini #AIイラスト #画像生成AI,193,21,1,0,0,0,1,0,0,1,1,0,0,0,0,0,0,0,3,0,3,0,3,🔥 急上昇,2026-05-06
n94037b278329,【AIシオンの画像生成入門】#122 「フレームアウト」 はみ出すだけで躍動感が段違い！ （Microsoft365 Copilot の画像生成AIを利用したAIイラスト）,237,16,1,0,0,0,0,0,1,1,1,0,0,0,0,0,0,0,3,0,3,0,-2,🟢 継続,2026-05-06
nb27403fdcbdc,Copilot Pages × Chatで変わる！業務を加速する最新アップデートとは,414,7,1,0,1,0,1,0,0,0,1,0,0,0,0,0,0,0,3,0,3,0,-4,🟢 継続,2026-05-06
nf91d521d54bc,【画像生成AI入門】#27 「セピア」で一気にノスタルジックに！色調ひとつで変わる世界,99,6,1,0,0,0,0,1,0,1,1,0,0,0,0,0,0,0,3,0,3,0,1,🔥 急上昇,2026-05-06
n6f4733e55fbe,【画像生成AI入門】#19 「クローズアップ」って何？感情を伝える画像を作ろう,135,6,1,0,0,0,0,0,0,1,1,0,0,0,0,0,0,0,2,0,2,0,-7,🟢 継続,2026-05-06
nf357e215de58,最強の相棒！Excel Agent Mode スターターガイド【デジさしみの業務効率化】,267,14,1,0,0,0,0,0,1,0,1,0,0,0,0,0,0,0,2,0,2,0,-2,🟢 継続,2026-05-06
n0a95fbdb078a,【AI シオンの画像生成入門】#101 「未来都市」普通の街がSFの世界に？AIと描く未来図🎨,228,20,1,0,0,0,0,0,0,0,1,0,0,0,0,0,0,0,1,0,1,0,1,🔥 急上昇,2026-05-06
n140a86afc1fd,何気なく右クリックしたら便利すぎた❗Edgeの「Copilotで要約」が想像以上でした | MicrosoftEdge | Copilot | 生成AI | ブラウザ活用 | 情報収集 | 要約機能,219,11,1,0,0,0,0,0,0,0,1,0,0,0,0,0,0,0,1,0,1,0,-7,🟢 継続,2026-05-06
n1aeb4c6f69a8,【画像生成AI入門】#54 「静寂」AIが“静けさ”を読み取る仕組みと使い方,61,5,1,0,0,0,0,0,0,0,1,0,0,0,0,0,0,0,1,0,1,0,1,🔥 急上昇,2026-05-06
n46f972a25135,なぜ私は有料記事を書けないのか？——奪われてきた「自分の値段」,252,9,1,0,0,0,0,0,0,0,1,0,0,0,0,0,0,0,1,0,1,0,1,🔥 急上昇,2026-05-06
nccae5f0e210e,Excel Agent Modeでnoteのダッシュボードを解析してみる【デジさしみのAI実験室】 vol.005,188,17,1,0,0,0,0,0,0,0,1,0,0,0,0,0,0,0,1,0,1,0,1,🔥 急上昇,2026-05-06
ndb219aedc331,【画像生成AI入門】#06「ドット絵風」ってどんな世界？画像生成AIでレトロな魅力を再発見！,89,11,1,1,0,0,0,0,0,0,1,0,0,0,0,0,0,1,1,1,1,1,1,🔥 急上昇,2026-05-06
nb20539dec18e,【AIシオンの画像生成入門】#139「ドラマティック照明」で平凡な夜の風景を劇的なワンシーンに変える魔法！,298,17,0,0,35,4,6,0,1,1,0,5,0,0,0,0,0,0,47,5,5,1,-204,⚠️ 減速,2026-05-06
ned1f75a5b736,【AIシオンの画像生成入門】#138「リムライト」の魔法✨輪郭が光るエモい演出！（Microsoft365 Copilot の画像生成AIを利用したAIイラストプロンプト解説）,287,14,0,0,17,2,4,1,8,0,0,1,1,1,0,0,0,0,32,3,5,3,-223,⚠️ 減速,2026-05-06
nb9b1b52ed6aa,それでも月曜日は始まる｜2026/04/27 (月)｜画像生成｜AIイラスト,207,18,0,0,17,3,3,2,1,0,0,1,0,0,0,0,0,0,26,1,5,1,-155,⚠️ 減速,2026-05-06
n4de9e18d3ff3,SharePointのハイパーリンク列に「表示名」を付ける3つの方法【Power Automate対応】,1218,0,0,0,1,11,4,1,2,0,0,0,0,0,0,0,0,0,19,0,5,0,-26,⚠️ 減速,2026-05-06
na36a7021f7fd,【M365激震】Copilot無償版がOfficeアプリで制限？今のうちに企業がやるべき「効果測定」とは,658,14,0,0,3,6,6,1,1,0,0,0,0,0,0,0,0,0,17,0,5,0,-29,⚠️ 減速,2026-05-06
n6b485635be13,引き続き学習中【デジさしみの朝活】2026/04/23(木)｜画像生成｜AIイラスト,199,20,0,0,4,2,2,1,4,0,0,0,0,0,0,0,0,0,13,0,5,0,-173,⚠️ 減速,2026-05-06
nf3a893e534de,【ランダム投稿】生成AIに画像を作ってもらった,165,3,0,0,0,0,4,6,0,2,0,0,0,0,0,0,0,0,12,0,3,0,12,⚠️ 減速,2026-05-06
n752f2c3efe1e,【AIシオンの画像生成入門】#137「木漏れ日」でイラストを一気にエモくしよう！🌳✨（Microsoft365 Copilot の画像生成AIを利用したAIイラストプロンプト解説）,238,14,0,0,2,3,2,1,1,0,0,0,0,0,0,0,0,0,9,0,5,0,-220,⚠️ 減速,2026-05-06
n82e0022deabe,Excel Agent Mode解禁！今すぐ作業を丸投げしよう【デジさしみの業務効率化】,897,103,0,0,1,2,0,2,3,1,0,0,0,0,0,0,0,0,9,0,5,0,4,⚠️ 減速,2026-05-06
nb4d53cfa0e77,Copilot の水彩画で遊んでみる｜2026/04/24(金)｜画像生成｜AIイラスト,268,26,0,0,3,3,0,0,1,2,0,0,0,0,0,0,0,0,9,0,4,0,-250,⚠️ 減速,2026-05-06
nf4689cee4da0,生成AIは「デジタルさしみ」を理解できるのか？ 主要 画像生成AI 徹底比較 （2026/4 版）【5つの生成AIで比較！ | ChatGPT | Copilot | Gemini | Grok | Stable Diffusion 】,279,42,0,0,0,1,3,2,2,0,0,0,0,0,0,0,0,0,8,0,4,0,5,⚠️ 減速,2026-05-06
n32ca1492a511,【AIシオンの画像生成入門】#136 「サイドライト」でイラストに立体感とドラマを！💡（Microsoft365 Copilot の画像生成AIを利用したAIイラストプロンプト解説）,248,23,0,0,3,2,0,2,0,0,0,0,0,0,0,0,0,0,7,0,3,0,-18,⚠️ 減速,2026-05-06
n719abb57ac52,【AIシオンの画像生成入門】#127 「連続写真風」 ストーリー性がマシマシ！動きの過程を視覚化する （Microsoft365 Copilot の画像生成AIを利用したAIイラスト）,268,21,0,0,1,1,2,1,2,0,0,0,0,0,0,1,0,0,7,1,5,1,-1,⚠️ 減速,2026-05-06
n32ef428cf3b2,【感謝！】フォロワー500人＆200日連続投稿達成しました！リアルな数字公開します,194,27,0,0,2,2,0,1,1,0,0,0,1,0,0,0,0,0,6,1,4,1,-34,⚠️ 減速,2026-05-06
nd71619226531,穏やかな朝と宅習の日【デジさしみの朝活】2026/04/22(水)｜画像生成｜AIイラスト,190,32,0,1,3,1,0,1,1,0,0,0,0,0,1,0,0,1,6,2,4,2,-178,⚠️ 減速,2026-05-06
ne1e7ef60ebdf,【AI シオンの画像生成入門】#94 「煙」奥行きと空気感を出すプロンプト解説🎨 ,222,24,0,0,1,2,0,2,1,0,0,0,0,0,0,0,0,0,6,0,4,0,1,⚠️ 減速,2026-05-06
n002181061da5,【画像生成AI入門】#33 「ヴィネット追加」で主題が際立つ！画像の印象を一気に深めるテクニック,134,4,0,0,0,2,2,1,0,0,0,0,0,0,0,0,0,0,5,0,3,0,-5,⚠️ 減速,2026-05-06
n49ef592389c6,【AIシオンの画像生成入門】#135 「反射光」でイラストに空気感と立体感をプラスしよう！（Microsoft365 Copilot の画像生成AIを利用したAIイラストプロンプト解説）,253,25,0,0,3,0,2,0,0,0,0,0,0,0,0,0,0,0,5,0,2,0,-2,⚠️ 減速,2026-05-06
nb7a26e97ab1d,【AI シオンの画像生成入門】#84 「3Dレンダ」 まるで最新CG映画！立体感が爆上がりする魔法の言葉🎨,167,25,0,0,3,1,1,0,0,0,0,0,0,0,0,0,0,0,5,0,3,0,0,⚠️ 減速,2026-05-06
ne88a1bc97f40,【AIシオンの画像生成入門】#126 「逆さ構図」 空に落ちる！？ダイナミックな非日常アート！ （Microsoft365 Copilot の画像生成AIを利用したAIイラスト）,211,21,0,0,1,0,0,0,2,2,0,0,0,0,0,0,0,0,5,0,3,0,4,⚠️ 減速,2026-05-06
n048b43e39d7a,みなさんは、AIイラストを生成するとき、どこから始めますか？,269,35,0,0,1,2,0,0,1,0,0,0,0,0,0,0,0,0,4,0,3,0,4,⚠️ 減速,2026-05-06
n1be2f0dfc00a,【画像生成AI入門】#55 「荘厳」静けさと力強さを両立するプロンプト解説,94,6,0,0,0,0,2,1,0,1,0,0,0,0,0,0,0,0,4,0,3,0,2,⚠️ 減速,2026-05-06
n331b65e896c6,OneNoteは「下書き置き場」と割り切ると最強 📝,391,29,0,0,0,2,0,0,2,0,0,0,0,0,0,0,0,0,4,0,2,0,-9,⚠️ 減速,2026-05-06
n63318f445fe8,【画像生成AI入門】#73 「懐中時計」｜時間と物語を感じさせるAI画像の作り方,115,16,0,0,0,1,0,2,0,1,0,0,0,0,0,0,0,0,4,0,3,0,1,⚠️ 減速,2026-05-06
n67b4282bd363,【体験談あり】Power Automate × SharePoint Listsのログ管理 －その１－,197,0,0,0,2,1,0,0,0,1,0,0,0,0,0,0,0,0,4,0,3,0,-1,⚠️ 減速,2026-05-06
n7b6f85cda4eb,【画像生成AI入門】#12「標準・アイレベル」ってどんな世界？目線の高さがカギ！自然な世界観を演出,100,9,0,0,0,0,1,0,2,1,0,0,0,0,0,0,0,0,4,0,3,0,1,⚠️ 減速,2026-05-06
n93c34cca15ac,【公開準備中】画像生成AIの幅が広がる！Excelで作るプロンプト支援ツール,67,6,0,0,0,0,2,0,0,2,0,0,0,0,0,0,0,0,4,0,2,0,4,⚠️ 減速,2026-05-06
nbe7315e62db4,【画像生成AI入門】「サイバーパンク」ってどんな世界？未来×退廃の魅力をプロンプトで再現！,81,9,0,0,0,0,1,2,0,1,0,0,0,0,0,0,0,0,4,0,3,0,-1,⚠️ 減速,2026-05-06
nd784bd97aa44,【結果は不明？】GPT-4.1？GPT-5？Copilotエージェントの正体を探ってみた,283,6,0,0,0,2,1,1,0,0,0,0,0,0,0,0,0,0,4,0,3,0,-2,⚠️ 減速,2026-05-06
ne215d1848b23,【AI シオンの画像生成入門】#91 「光の粒子」キラキラを味方につけて奥行きのある1枚を🎨,130,12,0,0,0,0,3,0,1,0,0,0,0,0,0,0,0,0,4,0,2,0,3,⚠️ 減速,2026-05-06
n0686dec28df6,GPT-5.2がリリースってCopilotも！？利用できるアプリ調べました🚀✨,640,13,0,0,2,1,0,0,0,0,0,0,0,0,0,0,0,0,3,0,2,0,-4,⚠️ 減速,2026-05-06
n0dd5336a2dd6,【デジさしみSharePoint 攻略】最初に知りたい「4つの役割」✅ | Microsoft365 初心者が最初に知るべき全体像,1143,58,0,0,1,0,1,0,1,0,0,0,0,0,0,0,0,0,3,0,3,0,-4,⚠️ 減速,2026-05-06
n13bc96c307b4,生成AIは「デジタルさしみ」を理解できるのか？ 主要 画像生成AI 徹底比較 （2026/3 版）【5つの生成AIで比較！ | ChatGPT | Copilot | Gemini | Grok | Stable Diffusion 】,260,42,0,0,1,0,1,0,1,0,0,0,0,0,0,0,0,0,3,0,3,0,1,⚠️ 減速,2026-05-06
n161664e7c50d,3分で把握！ Copilot （法人版） GPT-Image-1.5 使い方と「 業務資料が楽になる 」注意点まとめ,201,12,0,0,0,2,1,0,0,0,0,0,0,0,0,0,0,0,3,0,2,0,-12,⚠️ 減速,2026-05-06
n262712e6fc30,夜の雑記（2026/4/14）情報投稿とCopilot Coworkの話,235,13,0,0,2,0,0,0,0,1,0,0,0,0,0,0,0,0,3,0,2,0,-5,⚠️ 減速,2026-05-06
n26b846d3a80b,【画像生成AI入門】#75「 帽子 」ベレー帽から麦わら帽子まで、印象操作の魔法,81,12,0,0,0,2,1,0,0,0,0,0,0,0,0,0,0,0,3,0,2,0,1,⚠️ 減速,2026-05-06
n3865315da750,【画像生成AI入門】#32 「フィルムグレイン強め」でノスタルジックな雰囲気を演出しよう,175,5,0,0,0,1,1,1,0,0,0,0,0,0,0,0,0,0,3,0,3,0,-15,⚠️ 減速,2026-05-06
n407c3e9a4b79,【初心者向け】あなたの仕事を劇的に変えるPower Automate活用事例 3選,348,8,0,0,0,1,0,2,0,0,0,0,0,0,0,0,0,0,3,0,2,0,-5,⚠️ 減速,2026-05-06
n4660c3e5c5b9,シオンさんといろいろ散歩【デジさしみの朝活】2026/04/15(水)｜画像生成｜スキしてみて,167,27,0,0,2,0,0,0,0,1,0,0,0,0,0,0,0,0,3,0,2,0,0,⚠️ 減速,2026-05-06
n513573c02a0f,Nanobanana2 が実装されたらしいので、画像生成して遊んでみた,326,37,0,0,0,2,0,0,0,1,0,0,0,0,0,0,0,0,3,0,2,0,-3,⚠️ 減速,2026-05-06
n7a3eec5a2fa0,【2025年8月版】3大AI「ディープリサーチ」徹底比較：あなたに最適なのはどれ？,662,2,0,0,0,1,0,1,0,1,0,0,0,0,0,0,0,0,3,0,3,0,-4,⚠️ 減速,2026-05-06
n808c441acd13,【生成AI全滅!?】Copilotエージェントの正体とは？～生成AI 5種で徹底調査！～,254,8,0,0,0,0,0,2,0,1,0,0,0,0,0,0,0,0,3,0,2,0,2,⚠️ 減速,2026-05-06
n8a5af9431277,【画像生成AI入門】#62 近未来スーツとは？画像生成AIで“未来感の質”を高める方法,113,11,0,0,2,1,0,0,0,0,0,0,0,0,0,0,0,0,3,0,2,0,-1,⚠️ 減速,2026-05-06
n94d1b77fa2e5,はじめまして！デジさしみです。｜M365の効率化とAI画像生成、ときどき子育て,304,45,0,0,1,1,0,1,0,0,0,0,0,0,0,0,0,0,3,0,3,0,3,⚠️ 減速,2026-05-06
n98cbca56f702,【AIシオンの画像生成入門】#106 「森林」光のプロンプトで激変！幻想的な森の作り方 Copilot GPTImage1.5 / Gemini NanoBananaPro 画像比較・解説,263,13,0,0,2,0,0,0,0,1,0,0,0,0,0,0,0,0,3,0,2,0,-7,⚠️ 減速,2026-05-06
nde97258d092b,つれづれと。画像生成やCopilot Coworkに挑戦中,273,23,0,0,2,0,0,0,1,0,0,0,0,0,0,0,0,0,3,0,2,0,-6,⚠️ 減速,2026-05-06
nf9a4d90da5aa,【デジさしみSharePoint攻略】Teamsで保存したファイルはどこ❓｜SharePointサイトが増える理由と保存先の仕組み✅ IT初心者向けMicrosoft365業務効率化,844,39,0,0,1,1,0,1,0,0,0,0,0,0,1,0,0,0,3,1,3,1,-1,⚠️ 減速,2026-05-06
nfcdb32c157bd,【M365管理者向け】 Teams外部チャットを安全に止める方法⚠️便利さの裏に潜むリスク,520,4,0,0,0,1,2,0,0,0,0,0,0,0,0,0,0,0,3,0,2,0,-10,⚠️ 減速,2026-05-06
n01b77fa4d654,【画像生成AI入門】#79「ホログラム端末」光るディスプレイで近未来を演出,130,28,0,0,0,0,0,0,1,1,0,0,0,0,0,0,0,0,2,0,2,0,-3,⚠️ 減速,2026-05-06
n01c1a643afec,"【画像生成AI入門】#EX012 「年越しそば」AIに""大晦日""を理解させる方法",83,9,0,0,0,0,1,0,0,1,0,0,0,0,0,0,0,0,2,0,2,0,2,⚠️ 減速,2026-05-06
n0245074f9f18,【画像生成AI入門】#38 「ノイズ追加」で絵に深みを出す！AI画像の質感コントロール,117,5,0,0,0,0,1,1,0,0,0,0,0,0,0,0,0,0,2,0,2,0,-2,⚠️ 減速,2026-05-06
n029f0f7c552a,【画像生成AI入門】#41 「春」 ― 新緑・桜・柔光…AIが自動で加える春らしさとは？,49,5,0,0,0,1,0,1,0,0,0,0,0,0,0,0,0,0,2,0,2,0,0,⚠️ 減速,2026-05-06
n0821d2026370,Microsoft365の最新情報まとめ（2025秋版）,388,15,0,0,0,0,1,0,1,0,0,0,0,0,0,0,0,0,2,0,2,0,0,⚠️ 減速,2026-05-06
n1549fb2754cb,【自己紹介】40代 不器用な会社員が画像生成の勉強を始めた理由！（画像生成AI、AIイラスト、M365、Excel、ワーパパ、ChatGPT、Gemini、エッセイ、フォロワー、記事）,461,155,0,0,0,1,0,1,0,0,0,0,0,0,1,0,0,0,2,1,2,1,0,⚠️ 減速,2026-05-06
n18e88547ce15,【AIシオンとデジさしみの画像生成入門】#EX017 「激映えする構図」いつもとは違う角度×2を考えてみる（前編）,293,27,0,0,0,0,0,0,1,1,0,0,0,0,0,0,0,0,2,0,2,0,1,⚠️ 減速,2026-05-06
n19c48173428a,生成AIは「デジタルさしみ」を理解できるのか？（2025/11 版）,70,6,0,0,0,0,0,0,0,2,0,0,0,0,0,0,0,0,2,0,1,0,2,⚠️ 減速,2026-05-06
n1a0876674f96,【AIシオンの画像生成入門】#114 「レトロ」懐かしのフィルム感がエモさを引き立てる！ #Copilot / #Gemini 画像比較・解説 毎日投稿 毎日更新,305,31,0,0,0,0,0,1,1,0,0,0,0,0,0,0,0,0,2,0,2,0,-2,⚠️ 減速,2026-05-06
n1e4c5e84bc09,【画像生成AI入門】#61 「和服」キャラを綺麗に作るには？画像生成AIで押さえるべきポイント,107,8,0,0,0,0,1,0,0,1,0,0,0,0,0,0,0,0,2,0,2,0,-1,⚠️ 減速,2026-05-06
n3681db31bfbc,Teams使ってなくても招待が届く？アップデートの影響と注意点,345,11,0,0,2,0,0,0,0,0,0,0,0,0,0,0,0,0,2,0,1,0,-2,⚠️ 減速,2026-05-06
n3acd0d0fdf62,【画像生成AI入門】🎄クリスマス特別編🍗まとめ🎯　 | 創作記録 | 生成AI | 画像生成AI | ChatGPT | Copilot | Gemini | NanoBananaPro | プロンプト | AI活用 | クリスマス | 毎日更新,78,8,0,0,0,0,0,2,0,0,0,0,0,0,0,0,0,0,2,0,1,0,2,⚠️ 減速,2026-05-06
n414d2814923b,【画像生成AI入門】#52 「緊張感」 キャラクターの心理を伝える空気感の作り方,59,5,0,0,1,0,0,0,0,1,0,0,0,0,0,0,0,0,2,0,2,0,2,⚠️ 減速,2026-05-06
n4a9065b365cc,"【作ってみた】画像プロンプトは""くじ引き""から！？",44,8,0,0,0,0,0,2,0,0,0,0,0,0,0,0,0,0,2,0,1,0,1,⚠️ 減速,2026-05-06
n50759e12b971,パノラマがうまくいかないモヤモヤ、超広角で解決するか試した話【デジさしみの朝活】2026/04/18(土)｜画像生成｜AIイラスト,279,31,0,0,2,0,0,0,0,0,0,0,0,0,1,0,0,0,2,1,1,1,-13,⚠️ 減速,2026-05-06
n530c2ae448fb,生成AIは「デジタルさしみ」を理解できるのか？ 主要 画像生成AI 徹底比較 （2026/1 版）【5つの 生成AI で比較！ | ChatGPT | Copilot | Gemini NanoBanana Pro | Grok | Stable Diffusion 】,173,33,0,0,0,1,0,0,1,0,0,0,0,0,0,0,0,0,2,0,2,0,0,⚠️ 減速,2026-05-06
n594a34c85149,【AIシオンの画像生成入門】#130 「反射構図」 上下対称のシンメトリーで一気に幻想的な雰囲気に！（Microsoft365 Copilot の画像生成AIを利用したAIイラストプロンプト解説）,284,22,0,0,0,0,1,0,0,1,0,0,0,0,0,0,0,0,2,0,2,0,-7,⚠️ 減速,2026-05-06
n6778e6b97c2f,さすがに疲れが限界突破しました🫠,191,32,0,0,2,0,0,0,0,0,0,0,0,0,0,0,0,0,2,0,1,0,1,⚠️ 減速,2026-05-06
n690cc6601fef,"【画像生成AI入門】#04「ミニマル」ってどんな世界？""シンプル""をプロンプトで再現！",60,8,0,0,0,1,1,0,0,0,0,0,0,0,0,0,0,0,2,0,2,0,1,⚠️ 減速,2026-05-06
n6d46f23f24ef,【AIシオンの画像生成入門】#124 「フロントビュー」 正面構図でキャラの魅力アップ✨ （Microsoft365 Copilot の画像生成AIを利用したAIイラスト）,231,17,0,0,0,2,0,0,0,0,0,0,0,0,0,0,0,0,2,0,1,0,-2,⚠️ 減速,2026-05-06
n6e39c6eee69e,【AIシオンの画像生成入門】#125 「バックビュー」 後ろ姿の指定で没入感たっぷりのイラストへ （Microsoft365 Copilot の画像生成AIを利用したAIイラスト）,224,32,0,0,2,0,0,0,0,0,0,0,0,0,0,0,0,0,2,0,1,0,-3,⚠️ 減速,2026-05-06
n735122a9bbd2,【AI シオンの画像生成入門】#97 「体積光」神々しい光のカーテンをプロンプトで出そう🎨,251,11,0,0,0,1,0,0,0,1,0,0,0,0,0,0,0,0,2,0,2,0,2,⚠️ 減速,2026-05-06
n79cae69d45cd,【ご報告】資格試験 PL-900 受験 ＆ 合格してきました,362,55,0,0,1,0,1,0,0,0,0,0,0,0,0,0,0,0,2,0,2,0,-10,⚠️ 減速,2026-05-06
n7ec8e6eb27d7,【画像生成AI入門】#37「グリッチ効果」AIが作る壊れた世界の魅力とは？,95,2,0,0,0,0,0,2,0,0,0,0,0,0,0,0,0,0,2,0,1,0,-4,⚠️ 減速,2026-05-06
n8d589befdee2,【自己紹介】40代 会社員 M365 × 画像生成 の組み合わせで投稿？,217,36,0,0,2,0,0,0,0,0,0,1,0,0,0,0,0,0,2,1,1,1,1,⚠️ 減速,2026-05-06
n9042f86fda54,【画像生成AI入門】#65 「ローブ」魔法みたいに世界観が深まる服装ワード,141,15,0,0,0,1,0,1,0,0,0,0,0,0,0,0,0,0,2,0,2,0,-3,⚠️ 減速,2026-05-06
n941e80af75b5,最近流行りのAIに「私の扱い方」を聞いてみたら、思ったより好かれていて安心した話,209,21,0,0,1,0,0,0,1,0,0,0,0,0,0,0,0,0,2,0,2,0,1,⚠️ 減速,2026-05-06
n94d926a94f2b,水族館に行こう！（２）【デジさしみの朝活】｜画像生成｜スキしてみて,243,26,0,0,2,0,0,0,0,0,0,0,0,0,0,0,0,0,2,0,1,0,-3,⚠️ 減速,2026-05-06
na86d65fdfc5e,【画像生成AI入門】#34 「色収差わずかに」がもたらす、淡くリアルな世界の作り方,138,12,0,0,0,0,2,0,0,0,0,0,0,0,0,0,0,0,2,0,1,0,-3,⚠️ 減速,2026-05-06
nb0d05f3bdc62,【画像生成AI入門】#50 「雪」 光×雪でつくる“しっとり系ビジュアル”解説,67,3,0,0,1,0,1,0,0,0,0,0,0,0,0,0,0,0,2,0,2,0,1,⚠️ 減速,2026-05-06
nb10112c27a64,“少し話したい”をもっと自然に 💬Teams 新機能を使った外部とのつながり方,194,12,0,0,0,1,1,0,0,0,0,0,0,0,0,0,0,0,2,0,2,0,-1,⚠️ 減速,2026-05-06
nf1cb02244f67,「AIがPCを持つ」時代へ—Project Opalの魅力を語る🎉,314,8,0,0,0,0,1,0,0,1,0,0,0,0,0,0,0,0,2,0,2,0,-6,⚠️ 減速,2026-05-06
nf522191c6877,PowerAutomateの調べものに強い生成AIは？初心者向けに徹底比較！🧠🔍,331,10,0,0,1,0,1,0,0,0,0,0,0,0,0,0,0,0,2,0,2,0,-9,⚠️ 減速,2026-05-06
n0b8d254e9c75,【画像生成AI入門】#10「イラスト風」ってどんな世界？柔らかくて温かみのある雰囲気を！,137,3,0,0,0,0,1,0,0,0,0,0,0,0,0,0,0,0,1,0,1,0,-7,⚠️ 減速,2026-05-06
n1a42c85da59c,生成AIは「デジタルさしみ」を理解できるのか？ 主要 画像生成AI 徹底比較 （2026/2 版）【5つの 生成AI で比較！ | ChatGPT | Copilot | Gemini NanoBanana Pro | Grok | Stable Diffusion 】,239,34,0,0,0,0,0,0,1,0,0,0,0,0,0,0,0,0,1,0,1,0,-1,⚠️ 減速,2026-05-06
n1bbef4f588ec,"【画像生成AI入門】#03「モダン」ってどんな世界？""洗練された雰囲気""をプロンプトで再現！",47,21,0,0,0,1,0,0,0,0,0,0,0,0,0,0,0,0,1,0,1,0,1,⚠️ 減速,2026-05-06
n1cd8b568ee65,【画像生成AI入門】#31-2 「高精細・ノイズ低め」の調整プロンプト,71,8,0,0,1,0,0,0,0,0,0,0,0,0,0,0,0,0,1,0,1,0,1,⚠️ 減速,2026-05-06
n269e57490f2f,【AIシオンの画像生成入門】#131 「朝焼け」 爽やかな光でイラストの透明感をアップさせよう！（Microsoft365 Copilot の画像生成AIを利用したAIイラストプロンプト解説）,275,31,0,0,1,0,0,0,0,0,0,0,0,0,0,0,0,0,1,0,1,0,-3,⚠️ 減速,2026-05-06
n2a7ac193ca06,社内勉強会チャンネルをナチュラルで彩る — Copilot Create バナープロンプト実録,255,24,0,0,0,0,1,0,0,0,0,0,0,0,0,0,0,0,1,0,1,0,-4,⚠️ 減速,2026-05-06
n30d505303985,シオンさんといろいろ散歩【デジさしみの朝活】｜画像生成｜スキしてみて,196,28,0,0,1,0,0,0,0,0,0,0,0,0,0,0,0,0,1,0,1,0,0,⚠️ 減速,2026-05-06
n388f9533d9b8,【画像生成AI入門】#EX001 「クリスマスマーケット」ホットココア片手に歩き出す冬,79,9,0,0,1,0,0,0,0,0,0,0,0,0,0,0,0,0,1,0,1,0,1,⚠️ 減速,2026-05-06
n465a50ff559d,noteのデータをExcelでコネコネしてみた【デジさしみのAI実験室】 vol.006,197,29,0,0,0,1,0,0,0,0,0,0,0,0,0,0,0,0,1,0,1,0,-1,⚠️ 減速,2026-05-06
n47d6606780af,Copilotで情報ソースを確認していたら、自分のnote記事が出てきた話,64,6,0,0,0,0,0,0,0,1,0,0,0,0,0,0,0,0,1,0,1,0,1,⚠️ 減速,2026-05-06
n54a2987786da,【画像生成AI入門】#30 「青みのコールドトーン」で作る静寂と透明感の世界,101,7,0,0,0,0,0,1,0,0,0,0,0,0,0,0,0,0,1,0,1,0,1,⚠️ 減速,2026-05-06
n699c738c992f,ちょっとだけ優しい気持ちになれるイラストをCopliotで作ってみた,231,23,0,0,0,0,1,0,0,0,0,0,0,0,0,0,0,0,1,0,1,0,0,⚠️ 減速,2026-05-06
n723190570b21,【画像生成AI入門】#15「トップダウン」上からの視点が生む“物語感”とは？,119,8,0,0,0,0,0,0,0,1,0,0,0,0,0,0,0,0,1,0,1,0,-3,⚠️ 減速,2026-05-06
n764a76e01f40,【画像生成AI入門】#72 「古書」｜1冊置くだけで物語が生まれる理由,63,15,0,0,0,0,0,1,0,0,0,0,0,0,0,0,0,0,1,0,1,0,1,⚠️ 減速,2026-05-06
n77ef0206a0c5,【AIシオンの画像生成入門】#86～90　リサイクル,86,10,0,0,0,0,1,0,0,0,0,0,0,0,0,0,0,0,1,0,1,0,1,⚠️ 減速,2026-05-06
n7991816e25f4,【AI シオンの画像生成入門】#90 「切り絵」絵本のような世界観！温かみ溢れるアートの魔法🎨,121,14,0,0,0,0,1,0,0,0,0,0,0,0,0,0,0,0,1,0,1,0,1,⚠️ 減速,2026-05-06
n80645c86600f,【画像生成AI入門】#59 「ユーモラス」 キャラの魅力を引き出すユーモア表現の使い方,98,10,0,0,1,0,0,0,0,0,0,0,0,0,0,0,0,0,1,0,1,0,1,⚠️ 減速,2026-05-06
n841c152fb464,皆さんの活躍に刺激されて、こんな時間に。,61,14,0,0,0,0,0,1,0,0,0,0,0,0,0,0,0,0,1,0,1,0,1,⚠️ 減速,2026-05-06
n9ed750802909,Excelエージェントモード実装！深夜テンションで最速レビューしてみた。できること・使い方。・・・おや、Claudeもついてきてる！？,298,6,0,0,0,1,0,0,0,0,0,0,0,0,0,0,0,0,1,0,1,0,-3,⚠️ 減速,2026-05-06
na660c9733b3f,【AIシオンの画像生成入門】#123 「サイドビュー」 視線を外して背景と馴染ませるテクニック （Microsoft365 Copilot の画像生成AI機能を利用したAIイラスト解説）,237,18,0,0,0,0,1,0,0,0,0,0,0,0,0,0,0,0,1,0,1,0,1,⚠️ 減速,2026-05-06
naac92978056d,【AI シオンの画像生成入門】#81 水彩表現を作る方法 | 💦Watercolorプロンプトで柔らかい雰囲気にするコツ🎨,174,18,0,0,0,0,0,0,1,0,0,0,0,0,0,0,0,0,1,0,1,0,-1,⚠️ 減速,2026-05-06
naf2a9ee130d3,【note分析レポート #2】無意識のSEO/AIOが効いていた2ヶ月目（）の記録,102,4,0,0,0,0,1,0,0,0,0,0,0,0,0,0,0,0,1,0,1,0,1,⚠️ 減速,2026-05-06
nb2fd3f879a64,Power Automate Desktopでnoteダッシュボードのデータ取得を自動化してみた話,146,14,0,0,0,0,1,0,0,0,0,0,0,0,0,0,0,0,1,0,1,0,1,⚠️ 減速,2026-05-06
nb3b2558cd02d,【画像生成AI入門】#49「雨」 ひとつでここまで変わる！背景・光・質感の違いを徹底比較,96,4,0,0,0,0,0,0,1,0,0,0,0,0,0,0,0,0,1,0,1,0,0,⚠️ 減速,2026-05-06
nb99fc8724fba,【画像生成AI入門】#70 「ジーンズ」ラフで親しみやすい人物を作るコツ,96,11,0,0,0,0,0,0,1,0,0,0,0,0,0,0,0,0,1,0,1,0,-1,⚠️ 減速,2026-05-06
nbbbcbb34e9c3,【画像生成AI入門】#28 「スポットライト」ってこんな効果もあるの！？想像外の光の演出で主題を際立たせる！,83,5,0,0,0,1,0,0,0,0,0,0,0,0,0,0,0,0,1,0,1,0,1,⚠️ 減速,2026-05-06
nbdf2ca8272df,初心者でも迷わない、AI共創ワーク——Copilot Agent Modeが変えるExcelの作り方【検証あり】,219,10,0,0,0,0,1,0,0,0,0,0,0,0,0,0,0,0,1,0,1,0,0,⚠️ 減速,2026-05-06
nbf0d4fb0e94c,Copilotが作る新年度バナー：エネルギー全開な春の画像,205,30,0,0,1,0,0,0,0,0,0,0,0,0,0,0,0,0,1,0,1,0,-3,⚠️ 減速,2026-05-06
ncd2337bf2a75,【画像生成AI入門】#31 「高精細・ノイズ低め」でここまで変わる！仕上げ設定で失敗していない？,61,5,0,0,0,1,0,0,0,0,0,0,0,0,0,0,0,0,1,0,1,0,1,⚠️ 減速,2026-05-06
ne160b9a4878f,【画像生成AI入門】#07「スチームパンク」ってどんな世界？画像生成AIで冒険世界を創造！,63,11,0,0,0,0,1,0,0,0,0,0,0,0,0,0,0,0,1,0,1,0,1,⚠️ 減速,2026-05-06
nea58910887cd,IF(IF(IF(IF…が誰でも読み取れる！？Excelの“呪文みたいな関数”をCopilotに解説させてみた,241,20,0,0,0,1,0,0,0,0,0,0,0,0,0,0,0,0,1,0,1,0,1,⚠️ 減速,2026-05-06
neef6d1696620,【AIシオンとデジさしみの画像生成入門】#EX018 「激映えする構図」いつもとは違う角度×2を考えてみる（後編） ,300,28,0,0,0,0,0,0,1,0,0,0,0,0,0,0,0,0,1,0,1,0,1,⚠️ 減速,2026-05-06
nf4323e05cf1c,【AI シオンの画像生成入門】#93 「炎」一瞬でドラマチック！画面に熱量を加える魔法の言葉🎨,149,10,0,0,0,0,0,0,1,0,0,0,0,0,0,0,0,0,1,0,1,0,1,⚠️ 減速,2026-05-06
n0362d1f691e7,仕事に疲れたら可愛い環境に変えたくなりませんか？｜スキしてみて❤️,168,20,0,0,0,0,0,0,0,0,0,0,0,0,0,0,0,0,0,0,0,0,0,💤 停止,2026-05-06
n03cf095d49bf,「Copilot in Excel」は画像生成の相棒になるか？🎄クリスマス編の舞台裏とAI対話術,85,12,0,0,0,0,0,0,0,0,0,0,0,0,0,0,0,0,0,0,0,0,0,💤 停止,2026-05-06
n03e4a7767952,サイバーの海から始まる月曜日の朝,192,20,0,0,0,0,0,0,0,0,0,0,0,0,0,0,0,0,0,0,0,0,0,💤 停止,2026-05-06
n06496e571ec6,【AIシオンの画像生成入門】#91～95　リサイクル,181,16,0,0,0,0,0,0,0,0,0,0,0,0,0,0,0,0,0,0,0,0,0,💤 停止,2026-05-06
n07140d7c5807,【AIシオンの画像生成入門】#120 「チョークアート」ぬくもり溢れる黒板アートの世界を再現 #Copilot #Gemini #AIイラスト #画像生成AI,171,13,0,0,0,0,0,0,0,0,0,0,0,0,0,0,0,0,0,0,0,0,0,💤 停止,2026-05-06
n07a54bc409cc,【画像生成AI入門】#EX015「 お年玉のほほ笑み」あの小さな袋をAIに教える方法,86,19,0,0,0,0,0,0,0,0,0,0,0,0,0,0,0,0,0,0,0,0,0,💤 停止,2026-05-06
n0833346576a9,【AI シオンの画像生成入門】#85 「コラージュ」 切り貼りの美学！独特な深みと質感を出す方法🎨,176,30,0,0,0,0,0,0,0,0,0,0,0,0,0,0,0,0,0,0,0,0,-1,💤 停止,2026-05-06
n10b0fcce8b87,書くつもりだった土日が、気づけば回復タイムになっていた話,72,7,0,0,0,0,0,0,0,0,0,0,0,0,0,0,0,0,0,0,0,0,0,💤 停止,2026-05-06
n10e518aec64b,【AIシオンの画像生成入門】#96～100　リサイクル,183,10,0,0,0,0,0,0,0,0,0,0,0,0,0,0,0,0,0,0,0,0,0,💤 停止,2026-05-06
n167719e4d6e2,いきなり実装しすぎです、Microsoft さん ― AI 時代のアップデートとどう付き合うか【IT管理／体験談】,98,13,0,0,0,0,0,0,0,0,0,0,0,0,0,0,0,0,0,0,0,0,0,💤 停止,2026-05-06
n184acb03bed2,【感謝】100日越えてやっと届いた。コングラボードと、続けてきた私のnote | 毎日投稿100日達成,124,19,0,0,0,0,0,0,0,0,0,0,0,0,0,0,0,0,0,0,0,0,0,💤 停止,2026-05-06
n191c1efd46ac,【AIシオンの画像生成入門】#112 「サイケデリック」 目のチカチカが癖になる！超ド派手な演出術✨ #Copilot / #Gemini 画像比較・解説 毎日投稿 毎日note,308,22,0,0,0,0,0,0,0,0,0,0,0,0,0,0,0,0,0,0,0,0,-4,💤 停止,2026-05-06
n1c43a7051870,note100日続けて見えた景色と、「画像生成AI入門」シリーズのリニューアル,134,21,0,0,0,0,0,0,0,0,0,0,0,0,0,0,0,0,0,0,0,0,0,💤 停止,2026-05-06
n1d4f377dcf51,【画像生成AI入門】#67 「スーツ」表現のコツ｜色と小物で仕上がりが変わる理由,85,14,0,0,0,0,0,0,0,0,0,0,0,0,0,0,0,0,0,0,0,0,-1,💤 停止,2026-05-06
n1e26c4214d5a,【画像生成AI入門】#43 「秋」 が連れてくる“やさしい余韻”を画像で感じてみる,63,9,0,0,0,0,0,0,0,0,0,0,0,0,0,0,0,0,0,0,0,0,0,💤 停止,2026-05-06
n2071acfdb7a0,【画像生成AI入門】#44 「冬」ビジュアルが冷たく澄み切るその理由,46,7,0,0,0,0,0,0,0,0,0,0,0,0,0,0,0,0,0,0,0,0,0,💤 停止,2026-05-06
n2162844606f8,【画像生成AI入門】#51 「幻想的」 現実→夢世界へ。空気感の変化を徹底比較,47,4,0,0,0,0,0,0,0,0,0,0,0,0,0,0,0,0,0,0,0,0,0,💤 停止,2026-05-06
n24e10e8ac454,Excel Agent Modeで専門用語の整理整頓！【デジさしみのAI実験室】 vol.004,186,21,0,0,0,0,0,0,0,0,0,0,0,0,0,0,0,0,0,0,0,0,0,💤 停止,2026-05-06
n25eaedbfb271,【画像生成AI入門】#EX002 「巨大クリスマスツリー」で冬の街を華やかに演出,77,15,0,0,0,0,0,0,0,0,0,0,0,0,0,0,0,0,0,0,0,0,0,💤 停止,2026-05-06
n2b2fd4693c09,三日坊主 も、 下書き地獄 も卒業したい！！ 心配性な私が note に アジャイル を持ち込んだ話,106,21,0,0,0,0,0,0,0,0,0,0,0,0,0,0,0,0,0,0,0,0,0,💤 停止,2026-05-06
n2ea1fe1bb542,「簡単に作る」の落とし穴 〜業務効率化の“あるある失敗”から学ぶ〜,45,7,0,0,0,0,0,0,0,0,0,0,0,0,0,0,0,0,0,0,0,0,-1,💤 停止,2026-05-06
n2ed65c8020b1,【画像生成AI入門】#EX003 「サンタ帽×街角ポートレート」「プレゼント選び」,59,12,0,0,0,0,0,0,0,0,0,0,0,0,0,0,0,0,0,0,0,0,0,💤 停止,2026-05-06
n2fa144e3e7c4,【AIシオンの画像生成入門】#121 「フレームイン」窮屈な画面から卒業！開放的な一枚へ （Microsoft365 Copilot の画像生成AIを利用したAIイラスト）,214,14,0,0,0,0,0,0,0,0,0,0,0,0,0,0,0,0,0,0,0,0,-1,💤 停止,2026-05-06
n308cea934099,【画像生成AI入門】#23 「ネオン光」が生む幻想世界｜夜の街に命を吹き込む,80,13,0,0,0,0,0,0,0,0,0,0,0,0,0,0,0,0,0,0,0,0,0,💤 停止,2026-05-06
n3185ed356640,【画像生成AI入門】#08「ペーパークラフト」ってどんな世界？紙のアートをデジタルで再現！,71,11,0,0,0,0,0,0,0,0,0,0,0,0,0,0,0,0,0,0,0,0,-1,💤 停止,2026-05-06
n32b3a91d3297,【AIシオンの画像生成入門】#117 「アールデコ」直線美とゴールドが映える！幾何学模様の魔法 #Copilot #Gemini #AIイラスト #画像生成AI,256,30,0,0,0,0,0,0,0,0,0,0,0,0,0,0,0,0,0,0,0,0,-3,💤 停止,2026-05-06
n3e5aae75668f,Copilotで素材画像を作ってみた【デジさしみの朝活】｜画像生成｜スキしてみて,214,23,0,0,0,0,0,0,0,0,0,0,0,0,0,0,0,0,0,0,0,0,-2,💤 停止,2026-05-06
n454ceef8949b,【note分析レポート #3】少しずつ成長。SEOは強い？3ヶ月目の記録,62,7,0,0,0,0,0,0,0,0,0,0,0,0,0,0,0,0,0,0,0,0,0,💤 停止,2026-05-06
n47ec16119add,【画像生成AI入門】#63 「カジュアル」 画像生成AIで“等身大の魅力”を出すワード活用法,55,10,0,0,0,0,0,0,0,0,0,0,0,0,0,0,0,0,0,0,0,0,0,💤 停止,2026-05-06
n482a77a025cf,【AIシオンの画像生成入門】#105 「田園風景」都会の喧騒を忘れるノスタルジックな1枚を Copilot GPTImage1.5 / Gemini NanoBananaPro 画像比較・解説,173,22,0,0,0,0,0,0,0,0,0,0,0,0,0,0,0,0,0,0,0,0,0,💤 停止,2026-05-06
n49956c4268f4,【AI シオンの画像生成入門】#95 「ボケ」主役を引き立てる背景マジック🎨,162,19,0,0,0,0,0,0,0,0,0,0,0,0,0,0,0,0,0,0,0,0,-2,💤 停止,2026-05-06
n499cc79b529d,法人版CopilotでAIイラスト！？「アカリウム」参加記念にサイバー水族館で泳いでみました🐟,241,28,0,0,0,0,0,0,0,0,0,0,0,0,0,0,0,0,0,0,0,0,-2,💤 停止,2026-05-06
n4fd7f3b7415a,【AIシオンの画像生成入門】#113 「ロー・ポリゴン」3Dゲーム風の可愛さをAIで再現してみよう！ #Gemini / #Copilot 画像比較・解説 毎日投稿 毎日note,236,20,0,0,0,0,0,0,0,0,0,0,0,0,0,0,0,0,0,0,0,0,-1,💤 停止,2026-05-06
n5403a7c6d2cf,【AIシオンの画像生成入門】#115 「バロック」歪んだ真珠が作る美学！奥行きと迫力を生むテクニック #Copilot / #Gemini 画像比較・解説 毎日投稿 毎日更新,257,20,0,0,0,0,0,0,0,0,0,0,0,0,0,0,0,0,0,0,0,0,-1,💤 停止,2026-05-06
n550e0e072349,「Copilot エージェント Excel」と「Agent Mode」って何が違うの？深夜1時の雑談比較まとめ,191,6,0,0,0,0,0,0,0,0,0,0,0,0,0,0,0,0,0,0,0,0,0,💤 停止,2026-05-06
n55b8407968dc,【画像生成AI入門】#36 ピントの魔法！「被写界深度」で印象的な構図を作る方法🎨,60,7,0,0,0,0,0,0,0,0,0,0,0,0,0,0,0,0,0,0,0,0,-2,💤 停止,2026-05-06
n591fe51fdb5e,【AI シオンの画像生成入門】#102 「都市の夜景」夜の光がキャラの魅力を引き立てる🎨 ｜毎日投稿 毎日note 画像比較・解説 Copilot GPTImage1.5 / Gemini NanoBananaPro プロンプト付き,272,17,0,0,0,0,0,0,0,0,0,0,0,0,0,0,0,0,0,0,0,0,-3,💤 停止,2026-05-06
n5a3deb616dd7,【画像生成AI入門】#EX009「クリスマスの屋上」甘酸っぱくロマンチックなクリスマスを,69,11,0,0,0,0,0,0,0,0,0,0,0,0,0,0,0,0,0,0,0,0,0,💤 停止,2026-05-06
n5aa640163349,予約投稿、やってしまいました,194,20,0,0,0,0,0,0,0,0,0,0,0,0,0,0,0,0,0,0,0,0,0,💤 停止,2026-05-06
n5fcdddab2760,生成AIは「デジタルさしみ」を理解できるのか？（2025/12 版）,99,22,0,0,0,0,0,0,0,0,0,0,0,0,0,0,0,0,0,0,0,0,0,💤 停止,2026-05-06
n6251651f6640,【AI シオンの画像生成入門】#98 「グロー」光の魔法で一気に幻想的な雰囲気に！✨🎨,252,10,0,0,0,0,0,0,0,0,0,0,0,0,0,0,0,0,0,0,0,0,0,💤 停止,2026-05-06
n65e0216cd7fd,新しい春、新しく始めることはありますか？――連続投稿183日のnote。記録と本音――,222,32,0,0,0,0,0,0,0,0,0,0,0,0,0,0,0,0,0,0,0,0,-2,💤 停止,2026-05-06
n6db48843dd5f,間違っている記事を見つけたとき、あなたは指摘できますか？,263,41,0,0,0,0,0,0,0,0,0,0,0,0,0,0,0,0,0,0,0,0,-4,💤 停止,2026-05-06
n6ef366a5733c,【画像生成AI入門】#53 「幸福感」初心者でも使える“幸せ表現”の作り方,70,8,0,0,0,0,0,0,0,0,0,0,0,0,0,0,0,0,0,0,0,0,-2,💤 停止,2026-05-06
n70720e77e8f6,【画像生成AI入門】#EX005 「クリスマスカフェ」温もりある冬のひと時,54,11,0,0,0,0,0,0,0,0,0,0,0,0,0,0,0,0,0,0,0,0,0,💤 停止,2026-05-06
n7402586b30d8,週末振り返り｜年末怒涛の1週間💦来週は楽をしたい😇,92,9,0,0,0,0,0,0,0,0,0,0,0,0,0,0,0,0,0,0,0,0,0,💤 停止,2026-05-06
n7453cb389d87,Excel Agent Modeの改修結果を戻す！【デジさしみのAI実験室】 vol.003,244,11,0,0,0,0,0,0,0,0,0,0,0,0,0,0,0,0,0,0,0,0,-1,💤 停止,2026-05-06
n7484a7c8cdc1,雨の日に買う？晴れの日に買う？ビニール傘の“正解”を探してみた,22,5,0,0,0,0,0,0,0,0,0,0,0,0,0,0,0,0,0,0,0,0,0,💤 停止,2026-05-06
n763bb8c180c2,【画像生成AI入門】#02「ノワール」ってどんな世界？幻想的×近未来の魅力をプロンプトで再現！,63,17,0,0,0,0,0,0,0,0,0,0,0,0,0,0,0,0,0,0,0,0,-1,💤 停止,2026-05-06
n782a59cb667a,【AIシオンの画像生成入門】#109 「廃墟」寂しさと美しさが共存する、究極のエモ背景 Copilot GPTImage1.5 / Gemini NanoBananaPro 画像比較・解説,241,18,0,0,0,0,0,0,0,0,0,0,0,0,0,0,0,0,0,0,0,0,-1,💤 停止,2026-05-06
n794756255fe4,【AI シオンの画像生成入門】#82 「油彩」 筆あとまでリアル！デジタルが名画に変わる魔法🎨,113,19,0,0,0,0,0,0,0,0,0,0,0,0,0,0,0,0,0,0,0,0,0,💤 停止,2026-05-06
n7a94b97c7733,疲れた朝に癒しを求めてみる【デジさしみの朝活】｜画像生成｜スキしてみて,199,22,0,0,0,0,0,0,0,0,0,0,0,0,0,0,0,0,0,0,0,0,-2,💤 停止,2026-05-06
n7b1b21e29b53,水族館に行こう！（１）【デジさしみの朝活】｜画像生成｜スキしてみて,274,25,0,0,0,0,0,0,0,0,0,0,0,0,0,0,0,0,0,0,0,0,-2,💤 停止,2026-05-06
n7b2022bdfb1e,【祝】コングラボード3冠＆スマニュー掲載！noteを伸ばす「自己紹介」の力,230,21,0,0,0,0,0,0,0,0,0,0,0,0,0,0,0,0,0,0,0,0,0,💤 停止,2026-05-06
n7c5917c61645,朝焼けの海岸線から始まる火曜の朝,192,19,0,0,0,0,0,0,0,0,0,0,0,0,0,0,0,0,0,0,0,0,0,💤 停止,2026-05-06
n7e858c84ed9a,日曜日のまったり雑記：スマニュー掲載と、今後の「書きたい」大渋滞,182,26,0,0,0,0,0,0,0,0,0,0,0,0,0,0,0,0,0,0,0,0,0,💤 停止,2026-05-06
n7f66e1bb638f,毎日投稿が苦手な私でも、『AIシオンの画像生成入門』は#100まで続きました,200,22,0,0,0,0,0,0,0,0,0,0,0,0,0,0,0,0,0,0,0,0,0,💤 停止,2026-05-06
n80bd84f9a272,【AI シオンの画像生成入門】#86 「 版画 」おしゃれなポスター風！かすれとインクの魔法🎨,83,14,0,0,0,0,0,0,0,0,0,0,0,0,0,0,0,0,0,0,0,0,0,💤 停止,2026-05-06
n881e1b5f5337,【画像生成AI入門】#EX014「 おみくじを結ぶ 」情緒たっぷりな新年の1枚,91,15,0,0,0,0,0,0,0,0,0,0,0,0,0,0,0,0,0,0,0,0,-1,💤 停止,2026-05-06
n8b7db643373a,画像サイズはAIの気分次第！？バナー作成で起きた珍事件,34,5,0,0,0,0,0,0,0,0,0,0,0,0,0,0,0,0,0,0,0,0,-1,💤 停止,2026-05-06
n8d16d75b6b5e,【画像生成AI入門】#EX016「 凧あげ 」 プロンプト1つで空に躍動感をプラス！,91,16,0,0,0,0,0,0,0,0,0,0,0,0,0,0,0,0,0,0,0,0,0,💤 停止,2026-05-06
n8d4fa1b1faab,【AI シオンの画像生成入門】#99 「モーションブラー」止まっていた世界が動き出す？🎨,244,17,0,0,0,0,0,0,0,0,0,0,0,0,0,0,0,0,0,0,0,0,-4,💤 停止,2026-05-06
n8d86533cea48,ぐるぐる豆腐から始まった『3つのなぞ』とやさしい学び,42,9,0,0,0,0,0,0,0,0,0,0,0,0,0,0,0,0,0,0,0,0,0,💤 停止,2026-05-06
n8e019ea72a09,【画像生成AI入門】#09「ポップアート」ってどんな世界？SNSで目立つビビッドカラーを体験！,99,7,0,0,0,0,0,0,0,0,0,0,0,0,0,0,0,0,0,0,0,0,-2,💤 停止,2026-05-06
n96f433315436,【AI シオンの画像生成入門】#92 「霧」朝霧から雲海まで、一言でエモい空気感を作る🎨,105,15,0,0,0,0,0,0,0,0,0,0,0,0,0,0,0,0,0,0,0,0,0,💤 停止,2026-05-06
n9837f47cf6ad,【画像生成AI入門】#66 「ストリート」＝都会感の正体？AIが理解する服装キーワードとは,96,10,0,0,0,0,0,0,0,0,0,0,0,0,0,0,0,0,0,0,0,0,0,💤 停止,2026-05-06
n9d081e08ac4e,【画像生成AI入門】#29 ゴールデンアワーで描く静寂とぬくもりの世界,65,2,0,0,0,0,0,0,0,0,0,0,0,0,0,0,0,0,0,0,0,0,0,💤 停止,2026-05-06
n9d38a6e586ab,【画像生成AI入門】#68 「ドレス」 可憐にもゴージャスにも変化する万能ワード,98,10,0,0,0,0,0,0,0,0,0,0,0,0,0,0,0,0,0,0,0,0,-1,💤 停止,2026-05-06
na0121cf8936d,【AIシオンの画像生成入門】#108 「公園」誰でも簡単！「日常のキラキラ」を生成するコツ Copilot GPTImage1.5 / Gemini NanoBananaPro 画像比較・解説,278,13,0,0,0,0,0,0,0,0,0,0,0,0,0,0,0,0,0,0,0,0,0,💤 停止,2026-05-06
na2e6266df33a,【AI シオンの画像生成入門】#87 「インク」が描く、凛とした線の強さと情緒的なにじみ🎨,96,15,0,0,0,0,0,0,0,0,0,0,0,0,0,0,0,0,0,0,0,0,0,💤 停止,2026-05-06
na4b4bc733c1f,【画像生成AI入門】#56 「ノスタルジック」記憶のような世界を描く方法,86,5,0,0,0,0,0,0,0,0,0,0,0,0,0,0,0,0,0,0,0,0,-2,💤 停止,2026-05-06
nac76fc2ff357,【画像生成AI入門】#58「爽快」一瞬で抜け感が出るプロンプト術とは？,80,9,0,0,0,0,0,0,0,0,0,0,0,0,0,0,0,0,0,0,0,0,-1,💤 停止,2026-05-06
nacc57daaa65a,Excel Agent Modeでツール改修！デジさしみのAI実験室 vol.001,194,19,0,0,0,0,0,0,0,0,0,0,0,0,0,0,0,0,0,0,0,0,0,💤 停止,2026-05-06
nb35d7b3e58e3,よし、雑記を書こう,167,17,0,0,0,0,0,0,0,0,0,0,0,0,0,0,0,0,0,0,0,0,-1,💤 停止,2026-05-06
nb36956516510,【画像生成AI入門】#05「アールヌーボー」ってどんな世界？「アールヌーボー」感をプロンプトで再現！,52,7,0,0,0,0,0,0,0,0,0,0,0,0,0,0,0,0,0,0,0,0,0,💤 停止,2026-05-06
nb5ee1d387bd8,【画像生成AI入門】#22 「逆光のフレア」で物語が動き出す！光の演出で印象が激変する画像比較,74,12,0,0,0,0,0,0,0,0,0,0,0,0,0,0,0,0,0,0,0,0,-3,💤 停止,2026-05-06
nbb0b3590392e,22時からの0→1達成。毎日投稿で見つけた小さな自信,60,9,0,0,0,0,0,0,0,0,0,0,0,0,0,0,0,0,0,0,0,0,0,💤 停止,2026-05-06
nbb542803864e,「完璧じゃなくていい」と気づいた、日曜午後の育児の話,51,10,0,0,0,0,0,0,0,0,0,0,0,0,0,0,0,0,0,0,0,0,0,💤 停止,2026-05-06
nbdde5e820a3a,【AIシオンの画像生成入門】#129 「シルエット」 表情を隠して美しい背景を（Microsoft365 Copilot の画像生成AIを利用したAIイラスト）,164,16,0,0,0,0,0,0,0,0,0,0,0,0,0,0,0,0,0,0,0,0,-1,💤 停止,2026-05-06
nbf97c27dfb34,【AIシオンの画像生成入門】#116 「ゴシック」不気味で美しい！理想のダークファンタジー #Copilot / #Gemini #AIイラスト,237,27,0,0,0,0,0,0,0,0,0,0,0,0,0,0,0,0,0,0,0,0,-5,💤 停止,2026-05-06
nc03b0c0ae24a,【画像生成AI入門】#42 「季節=夏」 でAIが“暑さ”を描き出す仕組み,39,4,0,0,0,0,0,0,0,0,0,0,0,0,0,0,0,0,0,0,0,0,0,💤 停止,2026-05-06
nc1eca36a2b0d,【画像生成AI入門】#47 「晴天」で世界観が一変！光の強さが生むドラマチック演出の比較,60,4,0,0,0,0,0,0,0,0,0,0,0,0,0,0,0,0,0,0,0,0,0,💤 停止,2026-05-06
nc27e8e126759,【画像生成AI入門】#71 「傘」キャラの印象を強くする小物テクニック,75,17,0,0,0,0,0,0,0,0,0,0,0,0,0,0,0,0,0,0,0,0,-2,💤 停止,2026-05-06
nc6f93c479744,いろいろ試してみようと思う【デジさしみの朝活】｜画像生成｜スキしてみて,197,13,0,0,0,0,0,0,0,0,0,0,0,0,0,0,0,0,0,0,0,0,0,💤 停止,2026-05-06
nc92c79598a44,【画像生成AI入門】#13「望遠・ハイアングル」は、ちょっとドラマチックなワンシーン,79,9,0,0,0,0,0,0,0,0,0,0,0,0,0,0,0,0,0,0,0,0,0,💤 停止,2026-05-06
nc9caed6528fd,【AIシオンの画像生成入門】#110 「雲海」写真を超えた絶景！心に刺さる風景をプロンプトで作ろう Copilot GPTImage1.5 / Gemini NanoBananaPro 画像比較・解説,224,14,0,0,0,0,0,0,0,0,0,0,0,0,0,0,0,0,0,0,0,0,-1,💤 停止,2026-05-06
ncc41c89ce687,2025年の振り返り：走りながら考えた4ヶ月間 ✨,99,13,0,0,0,0,0,0,0,0,0,0,0,0,0,0,0,0,0,0,0,0,0,💤 停止,2026-05-06
ncd409ae82011,【AI シオンの画像生成入門】#83「 鉛筆スケッチ 」手描きの質感がたまらない！モノクロが映える魔法の言葉🎨,166,29,0,0,0,0,0,0,0,0,0,0,0,0,0,0,0,0,0,0,0,0,0,💤 停止,2026-05-06
ncee752b30140,【画像生成AI入門】#EX007 「クリスマス電車」サンタのみなさま、お疲れ様です🥰,53,8,0,0,0,0,0,0,0,0,0,0,0,0,0,0,0,0,0,0,0,0,0,💤 停止,2026-05-06
nd0095be42970,【画像生成AI入門】#EX004 「雪の駅前、待ち合わせ」駅前のイルミネーションで冬の街を華やかに描こう,75,13,0,0,0,0,0,0,0,0,0,0,0,0,0,0,0,0,0,0,0,0,0,💤 停止,2026-05-06
nd0cf9c3743db,【画像生成AI入門】#EX008 「クリスマスカラーの近未来」赤と緑が“未来都市”に変わる,49,13,0,0,0,0,0,0,0,0,0,0,0,0,0,0,0,0,0,0,0,0,0,💤 停止,2026-05-06
nd1919d3280cf,【AIシオンの画像生成入門】#128 「パノラマ」 見渡す限りの絶景！ 広大な世界観を一瞬で（Microsoft365 Copilot の画像生成AIを利用したAIイラスト）,195,23,0,0,0,0,0,0,0,0,0,0,0,0,0,0,0,0,0,0,0,0,-2,💤 停止,2026-05-06
nd21147ffdd06,焦りと学びと怠惰と疲労と。日曜日の朝に思う。,254,28,0,0,0,0,0,0,0,0,0,0,0,0,0,0,0,0,0,0,0,0,-3,💤 停止,2026-05-06
nd24f0424e182,【画像生成AI入門】#EX010 「夜景×イルミ橋」良いクリスマスをお過ごしください,68,9,0,0,0,0,0,0,0,0,0,0,0,0,0,0,0,0,0,0,0,0,0,💤 停止,2026-05-06
nd3c182de8957,【公開直前】画像生成AIの幅が広がる！Excelで作るプロンプト支援ツール,55,8,0,0,0,0,0,0,0,0,0,0,0,0,0,0,0,0,0,0,0,0,0,💤 停止,2026-05-06
nd739cc88495d,【画像生成AI入門】#40 「ぼかし」の威力とは？背景を整理して主役を際立たせる方法,61,7,0,0,0,0,0,0,0,0,0,0,0,0,0,0,0,0,0,0,0,0,-3,💤 停止,2026-05-06
nd85545f8e6a7,【AIシオンの画像生成入門】#101～104　リサイクル,159,7,0,0,0,0,0,0,0,0,0,0,0,0,0,0,0,0,0,0,0,0,0,💤 停止,2026-05-06
nd9af100063df,【画像生成AI入門】#EX011 「クリスマスの朝」ふんわり優しい特別な朝を,38,14,0,0,0,0,0,0,0,0,0,0,0,0,0,0,0,0,0,0,0,0,0,💤 停止,2026-05-06
ndb9323c33656,【 画像生成 AI 入門 】#EX013「大晦日の祈り 」日本の文化をAIに伝える方法,81,11,0,0,0,0,0,0,0,0,0,0,0,0,0,0,0,0,0,0,0,0,0,💤 停止,2026-05-06
ndc151cfa751b,月曜日というよりも年度末が頭をちらつく朝【デジさしみの朝活】｜画像生成｜スキしてみて,193,26,0,0,0,0,0,0,0,0,0,0,0,0,0,0,0,0,0,0,0,0,-5,💤 停止,2026-05-06
ndd5784622681,【画像生成AI入門】#EX006「クリスマスの料理支度」完成品より“途中”がリアルになる理由,59,8,0,0,0,0,0,0,0,0,0,0,0,0,0,0,0,0,0,0,0,0,0,💤 停止,2026-05-06
ndd5a611f2571,【画像生成AI入門】#26 「柔らかい光」って何？画像生成AIで“ふんわり雰囲気”をつくる魔法,84,13,0,0,0,0,0,0,0,0,0,0,0,0,0,0,0,0,0,0,0,0,0,💤 停止,2026-05-06
nde341b369c41,深夜のノリの雑記,53,0,0,0,0,0,0,0,0,0,0,0,0,0,0,0,0,0,0,0,0,0,0,💤 停止,2026-05-06
nde69d2a29e1b,【画像生成AI入門】#57 「安心感」ふわっと温度が上がる画像づくり,71,8,0,0,0,0,0,0,0,0,0,0,0,0,0,0,0,0,0,0,0,0,0,💤 停止,2026-05-06
ne053f015de25,4月になりました！新年度応援キャンペーン 第１弾！！,232,17,0,0,0,0,0,0,0,0,0,0,0,0,0,0,0,0,0,0,0,0,-1,💤 停止,2026-05-06
ne07dcb25fde8,書きたいことリスト,34,2,0,0,0,0,0,0,0,0,0,0,0,0,0,0,0,0,0,0,0,0,0,💤 停止,2026-05-06
ne1d310f4a5be,【画像生成AI入門】#45 「夜明け」はAIの解釈次第で色味が変わる！？,102,3,0,0,0,0,0,0,0,0,0,0,0,0,0,0,0,0,0,0,0,0,0,💤 停止,2026-05-06
ne60d666aac8e,【AIシオンの画像生成入門】#107 「雪山」反射光が美しい！透明感あふれる画像を作る秘密の言葉 Copilot GPTImage1.5 / Gemini NanoBananaPro 画像比較・解説,284,30,0,0,0,0,0,0,0,0,0,0,0,0,0,0,0,0,0,0,0,0,0,💤 停止,2026-05-06
ne7bff0f115e1,【画像生成AI入門】#46 「黄昏」の光と影が主題を劇的に変える,40,5,0,0,0,0,0,0,0,0,0,0,0,0,0,0,0,0,0,0,0,0,0,💤 停止,2026-05-06
ne83d4155204c,【画像生成AI入門】#14「マクロ」って何？小さな世界を大きく魅せる！,55,5,0,0,0,0,0,0,0,0,0,0,0,0,0,0,0,0,0,0,0,0,0,💤 停止,2026-05-06
nea5c100a4083,【保存版】業務自動化の始め方ガイド ― 失敗しないための手順と導入事例 ―,107,5,0,0,0,0,0,0,0,0,0,0,0,0,0,0,0,0,0,0,0,0,-1,💤 停止,2026-05-06
neaab479e0ade,【 新年のご挨拶 】2026年も鮮度良く！デジさしみの新年の抱負と生存戦略,102,21,0,0,0,0,0,0,0,0,0,0,0,0,0,0,0,0,0,0,0,0,-1,💤 停止,2026-05-06
nebd799df30e4,【AIシオンの画像生成入門】#81～85　リサイクル,108,19,0,0,0,0,0,0,0,0,0,0,0,0,0,0,0,0,0,0,0,0,0,💤 停止,2026-05-06
nec21a0a92d8e,仕事と家事と…Noteはどこに入るの？,17,0,0,0,0,0,0,0,0,0,0,0,0,0,0,0,0,0,0,0,0,0,0,💤 停止,2026-05-06
nec2a62b23467,"Ignite 2025 から届いた衝撃！Copilot エージェント ""Excel"" が紡ぐ新時代【先行体験レポート】",208,13,0,0,0,0,0,0,0,0,0,0,0,0,0,0,0,0,0,0,0,0,0,💤 停止,2026-05-06
nec46087b6eac,【無料配布】画像生成AIの幅が広がる！Excelで作るプロンプト支援ツール,85,11,0,0,0,0,0,0,0,0,0,0,0,0,0,0,0,0,0,0,0,0,0,💤 停止,2026-05-06
nefea123284ce,【独占検証】Copilot PagesがClaude超え？Chat連携で本当に業務が加速した話,239,5,0,0,0,0,0,0,0,0,0,0,0,0,0,0,0,0,0,0,0,0,-1,💤 停止,2026-05-06
nf160e8786e4d,月曜だからこそ元気よく！【デジさしみの朝活】｜画像生成｜スキしてみて,269,25,0,0,0,0,0,0,0,0,0,0,0,0,0,0,0,0,0,0,0,0,-2,💤 停止,2026-05-06
nf31aad3664d1,🚀【速報】Excelの「エージェントモード」がついに一般提供へ！,132,8,0,0,0,0,0,0,0,0,0,0,0,0,0,0,0,0,0,0,0,0,0,💤 停止,2026-05-06
nf3484c3f5ee5,Excel Agent Modeに改修案を聞く！【デジさしみのAI実験室】 vol.002,194,18,0,0,0,0,0,0,0,0,0,0,0,0,0,0,0,0,0,0,0,0,0,💤 停止,2026-05-06
nf62da984e697,【AI シオンの画像生成入門】#100 「星のトレイル」いつもの夜空が幻想的な光の渦に変わる魔法！,257,22,0,0,0,0,0,0,0,0,0,0,0,0,0,0,0,0,0,0,0,0,0,💤 停止,2026-05-06
nf7669814f2e5,【画像生成AI入門】#24 「モノクロ」で描く静けさと感情の深み,59,9,0,0,0,0,0,0,0,0,0,0,0,0,0,0,0,0,0,0,0,0,0,💤 停止,2026-05-06
nf7e41cff914c,生成AIとにらめっこする日々,20,4,0,0,0,0,0,0,0,0,0,0,0,0,0,0,0,0,0,0,0,0,0,💤 停止,2026-05-06
nfca2bec92d3b,Excel vs 新ツール？いや、共存こそが効率化の第一歩なんです,77,14,0,0,0,0,0,0,0,0,0,0,0,0,0,0,0,0,0,0,0,0,0,💤 停止,2026-05-06
nff385ee95871,【画像生成AI入門】#48 「曇り空」がもたらす柔らかい光と静寂の表現テク,58,2,0,0,0,0,0,0,0,0,0,0,0,0,0,0,0,0,0,0,0,0,-1,💤 停止,2026-05-06
